file_path,predicted_class,predicted_severity
d:\University\AI\SAND Project\Detecting_Dysarthia\testing_data\test\phonationA\ID004_phonationA.wav,5,Healthy
d:\University\AI\SAND Project\Detecting_Dysarthia\testing_data\test\phonationA\ID014_phonationA.wav,5,Healthy
d:\University\AI\SAND Project\Detecting_Dysarthia\testing_data\test\phonationA\ID043_phonationA.wav,5,Healthy
d:\University\AI\SAND Project\Detecting_Dysarthia\testing_data\test\phonationA\ID044_phonationA.wav,5,Healthy
d:\University\AI\SAND Project\Detecting_Dysarthia\testing_data\test\phonationA\ID045_phonationA.wav,5,Healthy
d:\University\AI\SAND Project\Detecting_Dysarthia\testing_data\test\phonationA\ID114_phonationA.wav,5,Healthy
d:\University\AI\SAND Project\Detecting_Dysarthia\testing_data\test\phonationA\ID243_phonationA.wav,5,Healthy
d:\University\AI\SAND Project\Detecting_Dysarthia\testing_data\test\phonationA\ID244_phonationA.wav,5,Healthy
d:\University\AI\SAND Project\Detecting_Dysarthia\testing_data\test\phonationA\ID304_phonationA.wav,5,Healthy
d:\University\AI\SAND Project\Detecting_Dysarthia\testing_data\test\phonationA\ID334_phonationA.wav,5,Healthy
d:\University\AI\SAND Project\Detecting_Dysarthia\testing_data\test\phonationE\ID004_phonationE.wav,5,Healthy
d:\University\AI\SAND Project\Detecting_Dysarthia\testing_data\test\phonationE\ID014_phonationE.wav,5,Healthy
d:\University\AI\SAND Project\Detecting_Dysarthia\testing_data\test\phonationE\ID043_phonationE.wav,5,Healthy
d:\University\AI\SAND Project\Detecting_Dysarthia\testing_data\test\phonationE\ID044_phonationE.wav,5,Healthy
d:\University\AI\SAND Project\Detecting_Dysarthia\testing_data\test\phonationE\ID045_phonationE.wav,5,Healthy
d:\University\AI\SAND Project\Detecting_Dysarthia\testing_data\test\phonationE\ID114_phonationE.wav,5,Healthy
d:\University\AI\SAND Project\Detecting_Dysarthia\testing_data\test\phonationE\ID243_phonationE.wav,5,Healthy
d:\University\AI\SAND Project\Detecting_Dysarthia\testing_data\test\phonationE\ID244_phonationE.wav,5,Healthy
d:\University\AI\SAND Project\Detecting_Dysarthia\testing_data\test\phonationE\ID304_phonationE.wav,5,Healthy
d:\University\AI\SAND Project\Detecting_Dysarthia\testing_data\test\phonationE\ID334_phonationE.wav,5,Healthy
d:\University\AI\SAND Project\Detecting_Dysarthia\testing_data\test\phonationI\ID004_phonationI.wav,5,Healthy
d:\University\AI\SAND Project\Detecting_Dysarthia\testing_data\test\phonationI\ID014_phonationI.wav,5,Healthy
d:\University\AI\SAND Project\Detecting_Dysarthia\testing_data\test\phonationI\ID043_phonationI.wav,5,Healthy
d:\University\AI\SAND Project\Detecting_Dysarthia\testing_data\test\phonationI\ID044_phonationI.wav,5,Healthy
d:\University\AI\SAND Project\Detecting_Dysarthia\testing_data\test\phonationI\ID045_phonationI.wav,5,Healthy
d:\University\AI\SAND Project\Detecting_Dysarthia\testing_data\test\phonationI\ID114_phonationI.wav,5,Healthy
d:\University\AI\SAND Project\Detecting_Dysarthia\testing_data\test\phonationI\ID243_phonationI.wav,5,Healthy
d:\University\AI\SAND Project\Detecting_Dysarthia\testing_data\test\phonationI\ID244_phonationI.wav,5,Healthy
d:\University\AI\SAND Project\Detecting_Dysarthia\testing_data\test\phonationI\ID304_phonationI.wav,5,Healthy
d:\University\AI\SAND Project\Detecting_Dysarthia\testing_data\test\phonationI\ID334_phonationI.wav,5,Healthy
d:\University\AI\SAND Project\Detecting_Dysarthia\testing_data\test\phonationO\ID004_phonationO.wav,5,Healthy
d:\University\AI\SAND Project\Detecting_Dysarthia\testing_data\test\phonationO\ID014_phonationO.wav,5,Healthy
d:\University\AI\SAND Project\Detecting_Dysarthia\testing_data\test\phonationO\ID043_phonationO.wav,5,Healthy
d:\University\AI\SAND Project\Detecting_Dysarthia\testing_data\test\phonationO\ID044_phonationO.wav,5,Healthy
d:\University\AI\SAND Project\Detecting_Dysarthia\testing_data\test\phonationO\ID045_phonationO.wav,5,Healthy
d:\University\AI\SAND Project\Detecting_Dysarthia\testing_data\test\phonationO\ID114_phonationO.wav,5,Healthy
d:\University\AI\SAND Project\Detecting_Dysarthia\testing_data\test\phonationO\ID243_phonationO.wav,5,Healthy
d:\University\AI\SAND Project\Detecting_Dysarthia\testing_data\test\phonationO\ID244_phonationO.wav,5,Healthy
d:\University\AI\SAND Project\Detecting_Dysarthia\testing_data\test\phonationO\ID304_phonationO.wav,5,Healthy
d:\University\AI\SAND Project\Detecting_Dysarthia\testing_data\test\phonationO\ID334_phonationO.wav,5,Healthy
d:\University\AI\SAND Project\Detecting_Dysarthia\testing_data\test\phonationU\ID004_phonationU.wav,5,Healthy
d:\University\AI\SAND Project\Detecting_Dysarthia\testing_data\test\phonationU\ID014_phonationU.wav,5,Healthy
d:\University\AI\SAND Project\Detecting_Dysarthia\testing_data\test\phonationU\ID043_phonationU.wav,5,Healthy
d:\University\AI\SAND Project\Detecting_Dysarthia\testing_data\test\phonationU\ID044_phonationU.wav,5,Healthy
d:\University\AI\SAND Project\Detecting_Dysarthia\testing_data\test\phonationU\ID045_phonationU.wav,5,Healthy
d:\University\AI\SAND Project\Detecting_Dysarthia\testing_data\test\phonationU\ID114_phonationU.wav,5,Healthy
d:\University\AI\SAND Project\Detecting_Dysarthia\testing_data\test\phonationU\ID243_phonationU.wav,5,Healthy
d:\University\AI\SAND Project\Detecting_Dysarthia\testing_data\test\phonationU\ID244_phonationU.wav,5,Healthy
d:\University\AI\SAND Project\Detecting_Dysarthia\testing_data\test\phonationU\ID304_phonationU.wav,5,Healthy
d:\University\AI\SAND Project\Detecting_Dysarthia\testing_data\test\phonationU\ID334_phonationU.wav,5,Healthy
d:\University\AI\SAND Project\Detecting_Dysarthia\testing_data\test\rhythmKA\ID004_rhythmKA.wav,5,Healthy
d:\University\AI\SAND Project\Detecting_Dysarthia\testing_data\test\rhythmKA\ID014_rhythmKA.wav,5,Healthy
d:\University\AI\SAND Project\Detecting_Dysarthia\testing_data\test\rhythmKA\ID043_rhythmKA.wav,5,Healthy
d:\University\AI\SAND Project\Detecting_Dysarthia\testing_data\test\rhythmKA\ID044_rhythmKA.wav,5,Healthy
d:\University\AI\SAND Project\Detecting_Dysarthia\testing_data\test\rhythmKA\ID045_rhythmKA.wav,5,Healthy
d:\University\AI\SAND Project\Detecting_Dysarthia\testing_data\test\rhythmKA\ID114_rhythmKA.wav,5,Healthy
d:\University\AI\SAND Project\Detecting_Dysarthia\testing_data\test\rhythmKA\ID243_rhythmKA.wav,5,Healthy
d:\University\AI\SAND Project\Detecting_Dysarthia\testing_data\test\rhythmKA\ID244_rhythmKA.wav,5,Healthy
d:\University\AI\SAND Project\Detecting_Dysarthia\testing_data\test\rhythmKA\ID304_rhythmKA.wav,5,Healthy
d:\University\AI\SAND Project\Detecting_Dysarthia\testing_data\test\rhythmKA\ID334_rhythmKA.wav,5,Healthy
d:\University\AI\SAND Project\Detecting_Dysarthia\testing_data\test\rhythmPA\ID004_rhythmPA.wav,5,Healthy
d:\University\AI\SAND Project\Detecting_Dysarthia\testing_data\test\rhythmPA\ID014_rhythmPA.wav,5,Healthy
d:\University\AI\SAND Project\Detecting_Dysarthia\testing_data\test\rhythmPA\ID043_rhythmPA.wav,5,Healthy
d:\University\AI\SAND Project\Detecting_Dysarthia\testing_data\test\rhythmPA\ID044_rhythmPA.wav,5,Healthy
d:\University\AI\SAND Project\Detecting_Dysarthia\testing_data\test\rhythmPA\ID045_rhythmPA.wav,5,Healthy
d:\University\AI\SAND Project\Detecting_Dysarthia\testing_data\test\rhythmPA\ID114_rhythmPA.wav,5,Healthy
d:\University\AI\SAND Project\Detecting_Dysarthia\testing_data\test\rhythmPA\ID243_rhythmPA.wav,5,Healthy
d:\University\AI\SAND Project\Detecting_Dysarthia\testing_data\test\rhythmPA\ID244_rhythmPA.wav,5,Healthy
d:\University\AI\SAND Project\Detecting_Dysarthia\testing_data\test\rhythmPA\ID304_rhythmPA.wav,5,Healthy
d:\University\AI\SAND Project\Detecting_Dysarthia\testing_data\test\rhythmPA\ID334_rhythmPA.wav,5,Healthy
d:\University\AI\SAND Project\Detecting_Dysarthia\testing_data\test\rhythmTA\ID004_rhythmTA.wav,5,Healthy
d:\University\AI\SAND Project\Detecting_Dysarthia\testing_data\test\rhythmTA\ID014_rhythmTA.wav,5,Healthy
d:\University\AI\SAND Project\Detecting_Dysarthia\testing_data\test\rhythmTA\ID043_rhythmTA.wav,5,Healthy
d:\University\AI\SAND Project\Detecting_Dysarthia\testing_data\test\rhythmTA\ID044_rhythmTA.wav,5,Healthy
d:\University\AI\SAND Project\Detecting_Dysarthia\testing_data\test\rhythmTA\ID045_rhythmTA.wav,5,Healthy
d:\University\AI\SAND Project\Detecting_Dysarthia\testing_data\test\rhythmTA\ID114_rhythmTA.wav,5,Healthy
d:\University\AI\SAND Project\Detecting_Dysarthia\testing_data\test\rhythmTA\ID243_rhythmTA.wav,5,Healthy
d:\University\AI\SAND Project\Detecting_Dysarthia\testing_data\test\rhythmTA\ID244_rhythmTA.wav,5,Healthy
d:\University\AI\SAND Project\Detecting_Dysarthia\testing_data\test\rhythmTA\ID304_rhythmTA.wav,5,Healthy
d:\University\AI\SAND Project\Detecting_Dysarthia\testing_data\test\rhythmTA\ID334_rhythmTA.wav,5,Healthy
d:\University\AI\SAND Project\Detecting_Dysarthia\testing_data\test\phonationA\ID011_phonationA.wav,5,Healthy
d:\University\AI\SAND Project\Detecting_Dysarthia\testing_data\test\phonationA\ID114_phonationA.wav,5,Healthy
d:\University\AI\SAND Project\Detecting_Dysarthia\testing_data\test\phonationA\ID115_phonationA.wav,5,Healthy
d:\University\AI\SAND Project\Detecting_Dysarthia\testing_data\test\phonationA\ID117_phonationA.wav,5,Healthy
d:\University\AI\SAND Project\Detecting_Dysarthia\testing_data\test\phonationA\ID211_phonationA.wav,5,Healthy
d:\University\AI\SAND Project\Detecting_Dysarthia\testing_data\test\phonationE\ID011_phonationE.wav,5,Healthy
d:\University\AI\SAND Project\Detecting_Dysarthia\testing_data\test\phonationE\ID114_phonationE.wav,5,Healthy
d:\University\AI\SAND Project\Detecting_Dysarthia\testing_data\test\phonationE\ID115_phonationE.wav,5,Healthy
d:\University\AI\SAND Project\Detecting_Dysarthia\testing_data\test\phonationE\ID117_phonationE.wav,5,Healthy
d:\University\AI\SAND Project\Detecting_Dysarthia\testing_data\test\phonationE\ID211_phonationE.wav,5,Healthy
d:\University\AI\SAND Project\Detecting_Dysarthia\testing_data\test\phonationI\ID011_phonationI.wav,5,Healthy
d:\University\AI\SAND Project\Detecting_Dysarthia\testing_data\test\phonationI\ID114_phonationI.wav,5,Healthy
d:\University\AI\SAND Project\Detecting_Dysarthia\testing_data\test\phonationI\ID115_phonationI.wav,5,Healthy
d:\University\AI\SAND Project\Detecting_Dysarthia\testing_data\test\phonationI\ID117_phonationI.wav,5,Healthy
d:\University\AI\SAND Project\Detecting_Dysarthia\testing_data\test\phonationI\ID211_phonationI.wav,5,Healthy
d:\University\AI\SAND Project\Detecting_Dysarthia\testing_data\test\phonationO\ID011_phonationO.wav,5,Healthy
d:\University\AI\SAND Project\Detecting_Dysarthia\testing_data\test\phonationO\ID114_phonationO.wav,5,Healthy
d:\University\AI\SAND Project\Detecting_Dysarthia\testing_data\test\phonationO\ID115_phonationO.wav,5,Healthy
d:\University\AI\SAND Project\Detecting_Dysarthia\testing_data\test\phonationO\ID117_phonationO.wav,5,Healthy
d:\University\AI\SAND Project\Detecting_Dysarthia\testing_data\test\phonationO\ID211_phonationO.wav,5,Healthy
d:\University\AI\SAND Project\Detecting_Dysarthia\testing_data\test\phonationU\ID011_phonationU.wav,5,Healthy
d:\University\AI\SAND Project\Detecting_Dysarthia\testing_data\test\phonationU\ID114_phonationU.wav,5,Healthy
d:\University\AI\SAND Project\Detecting_Dysarthia\testing_data\test\phonationU\ID115_phonationU.wav,5,Healthy
d:\University\AI\SAND Project\Detecting_Dysarthia\testing_data\test\phonationU\ID117_phonationU.wav,5,Healthy
d:\University\AI\SAND Project\Detecting_Dysarthia\testing_data\test\phonationU\ID211_phonationU.wav,5,Healthy
d:\University\AI\SAND Project\Detecting_Dysarthia\testing_data\test\rhythmKA\ID011_rhythmKA.wav,5,Healthy
d:\University\AI\SAND Project\Detecting_Dysarthia\testing_data\test\rhythmKA\ID114_rhythmKA.wav,5,Healthy
d:\University\AI\SAND Project\Detecting_Dysarthia\testing_data\test\rhythmKA\ID115_rhythmKA.wav,5,Healthy
d:\University\AI\SAND Project\Detecting_Dysarthia\testing_data\test\rhythmKA\ID117_rhythmKA.wav,5,Healthy
d:\University\AI\SAND Project\Detecting_Dysarthia\testing_data\test\rhythmKA\ID211_rhythmKA.wav,5,Healthy
d:\University\AI\SAND Project\Detecting_Dysarthia\testing_data\test\rhythmPA\ID011_rhythmPA.wav,5,Healthy
d:\University\AI\SAND Project\Detecting_Dysarthia\testing_data\test\rhythmPA\ID114_rhythmPA.wav,5,Healthy
d:\University\AI\SAND Project\Detecting_Dysarthia\testing_data\test\rhythmPA\ID115_rhythmPA.wav,5,Healthy
d:\University\AI\SAND Project\Detecting_Dysarthia\testing_data\test\rhythmPA\ID117_rhythmPA.wav,5,Healthy
d:\University\AI\SAND Project\Detecting_Dysarthia\testing_data\test\rhythmPA\ID211_rhythmPA.wav,5,Healthy
d:\University\AI\SAND Project\Detecting_Dysarthia\testing_data\test\rhythmTA\ID011_rhythmTA.wav,5,Healthy
d:\University\AI\SAND Project\Detecting_Dysarthia\testing_data\test\rhythmTA\ID114_rhythmTA.wav,5,Healthy
d:\University\AI\SAND Project\Detecting_Dysarthia\testing_data\test\rhythmTA\ID115_rhythmTA.wav,5,Healthy
d:\University\AI\SAND Project\Detecting_Dysarthia\testing_data\test\rhythmTA\ID117_rhythmTA.wav,5,Healthy
d:\University\AI\SAND Project\Detecting_Dysarthia\testing_data\test\rhythmTA\ID211_rhythmTA.wav,5,Healthy
d:\University\AI\SAND Project\Detecting_Dysarthia\testing_data\test\phonationA\ID014_phonationA.wav,5,Healthy
d:\University\AI\SAND Project\Detecting_Dysarthia\testing_data\test\phonationA\ID114_phonationA.wav,5,Healthy
d:\University\AI\SAND Project\Detecting_Dysarthia\testing_data\test\phonationE\ID014_phonationE.wav,5,Healthy
d:\University\AI\SAND Project\Detecting_Dysarthia\testing_data\test\phonationE\ID114_phonationE.wav,5,Healthy
d:\University\AI\SAND Project\Detecting_Dysarthia\testing_data\test\phonationI\ID014_phonationI.wav,5,Healthy
d:\University\AI\SAND Project\Detecting_Dysarthia\testing_data\test\phonationI\ID114_phonationI.wav,5,Healthy
d:\University\AI\SAND Project\Detecting_Dysarthia\testing_data\test\phonationO\ID014_phonationO.wav,5,Healthy
d:\University\AI\SAND Project\Detecting_Dysarthia\testing_data\test\phonationO\ID114_phonationO.wav,5,Healthy
d:\University\AI\SAND Project\Detecting_Dysarthia\testing_data\test\phonationU\ID014_phonationU.wav,5,Healthy
d:\University\AI\SAND Project\Detecting_Dysarthia\testing_data\test\phonationU\ID114_phonationU.wav,5,Healthy
d:\University\AI\SAND Project\Detecting_Dysarthia\testing_data\test\rhythmKA\ID014_rhythmKA.wav,5,Healthy
d:\University\AI\SAND Project\Detecting_Dysarthia\testing_data\test\rhythmKA\ID114_rhythmKA.wav,5,Healthy
d:\University\AI\SAND Project\Detecting_Dysarthia\testing_data\test\rhythmPA\ID014_rhythmPA.wav,5,Healthy
d:\University\AI\SAND Project\Detecting_Dysarthia\testing_data\test\rhythmPA\ID114_rhythmPA.wav,5,Healthy
d:\University\AI\SAND Project\Detecting_Dysarthia\testing_data\test\rhythmTA\ID014_rhythmTA.wav,5,Healthy
d:\University\AI\SAND Project\Detecting_Dysarthia\testing_data\test\rhythmTA\ID114_rhythmTA.wav,5,Healthy
d:\University\AI\SAND Project\Detecting_Dysarthia\testing_data\test\phonationA\ID019_phonationA.wav,5,Healthy
d:\University\AI\SAND Project\Detecting_Dysarthia\testing_data\test\phonationA\ID191_phonationA.wav,5,Healthy
d:\University\AI\SAND Project\Detecting_Dysarthia\testing_data\test\phonationA\ID196_phonationA.wav,5,Healthy
d:\University\AI\SAND Project\Detecting_Dysarthia\testing_data\test\phonationA\ID198_phonationA.wav,5,Healthy
d:\University\AI\SAND Project\Detecting_Dysarthia\testing_data\test\phonationE\ID019_phonationE.wav,5,Healthy
d:\University\AI\SAND Project\Detecting_Dysarthia\testing_data\test\phonationE\ID191_phonationE.wav,5,Healthy
d:\University\AI\SAND Project\Detecting_Dysarthia\testing_data\test\phonationE\ID196_phonationE.wav,5,Healthy
d:\University\AI\SAND Project\Detecting_Dysarthia\testing_data\test\phonationE\ID198_phonationE.wav,5,Healthy
d:\University\AI\SAND Project\Detecting_Dysarthia\testing_data\test\phonationI\ID019_phonationI.wav,5,Healthy
d:\University\AI\SAND Project\Detecting_Dysarthia\testing_data\test\phonationI\ID191_phonationI.wav,5,Healthy
d:\University\AI\SAND Project\Detecting_Dysarthia\testing_data\test\phonationI\ID196_phonationI.wav,5,Healthy
d:\University\AI\SAND Project\Detecting_Dysarthia\testing_data\test\phonationI\ID198_phonationI.wav,5,Healthy
d:\University\AI\SAND Project\Detecting_Dysarthia\testing_data\test\phonationO\ID019_phonationO.wav,5,Healthy
d:\University\AI\SAND Project\Detecting_Dysarthia\testing_data\test\phonationO\ID191_phonationO.wav,5,Healthy
d:\University\AI\SAND Project\Detecting_Dysarthia\testing_data\test\phonationO\ID196_phonationO.wav,5,Healthy
d:\University\AI\SAND Project\Detecting_Dysarthia\testing_data\test\phonationO\ID198_phonationO.wav,5,Healthy
d:\University\AI\SAND Project\Detecting_Dysarthia\testing_data\test\phonationU\ID019_phonationU.wav,5,Healthy
d:\University\AI\SAND Project\Detecting_Dysarthia\testing_data\test\phonationU\ID191_phonationU.wav,5,Healthy
d:\University\AI\SAND Project\Detecting_Dysarthia\testing_data\test\phonationU\ID196_phonationU.wav,5,Healthy
d:\University\AI\SAND Project\Detecting_Dysarthia\testing_data\test\phonationU\ID198_phonationU.wav,5,Healthy
d:\University\AI\SAND Project\Detecting_Dysarthia\testing_data\test\rhythmKA\ID019_rhythmKA.wav,5,Healthy
d:\University\AI\SAND Project\Detecting_Dysarthia\testing_data\test\rhythmKA\ID191_rhythmKA.wav,5,Healthy
d:\University\AI\SAND Project\Detecting_Dysarthia\testing_data\test\rhythmKA\ID196_rhythmKA.wav,5,Healthy
d:\University\AI\SAND Project\Detecting_Dysarthia\testing_data\test\rhythmKA\ID198_rhythmKA.wav,5,Healthy
d:\University\AI\SAND Project\Detecting_Dysarthia\testing_data\test\rhythmPA\ID019_rhythmPA.wav,5,Healthy
d:\University\AI\SAND Project\Detecting_Dysarthia\testing_data\test\rhythmPA\ID191_rhythmPA.wav,5,Healthy
d:\University\AI\SAND Project\Detecting_Dysarthia\testing_data\test\rhythmPA\ID196_rhythmPA.wav,5,Healthy
d:\University\AI\SAND Project\Detecting_Dysarthia\testing_data\test\rhythmPA\ID198_rhythmPA.wav,5,Healthy
d:\University\AI\SAND Project\Detecting_Dysarthia\testing_data\test\rhythmTA\ID019_rhythmTA.wav,5,Healthy
d:\University\AI\SAND Project\Detecting_Dysarthia\testing_data\test\rhythmTA\ID191_rhythmTA.wav,5,Healthy
d:\University\AI\SAND Project\Detecting_Dysarthia\testing_data\test\rhythmTA\ID196_rhythmTA.wav,5,Healthy
d:\University\AI\SAND Project\Detecting_Dysarthia\testing_data\test\rhythmTA\ID198_rhythmTA.wav,5,Healthy
d:\University\AI\SAND Project\Detecting_Dysarthia\testing_data\test\phonationA\ID020_phonationA.wav,5,Healthy
d:\University\AI\SAND Project\Detecting_Dysarthia\testing_data\test\phonationA\ID205_phonationA.wav,5,Healthy
d:\University\AI\SAND Project\Detecting_Dysarthia\testing_data\test\phonationA\ID220_phonationA.wav,5,Healthy
d:\University\AI\SAND Project\Detecting_Dysarthia\testing_data\test\phonationE\ID020_phonationE.wav,5,Healthy
d:\University\AI\SAND Project\Detecting_Dysarthia\testing_data\test\phonationE\ID205_phonationE.wav,5,Healthy
d:\University\AI\SAND Project\Detecting_Dysarthia\testing_data\test\phonationE\ID220_phonationE.wav,5,Healthy
d:\University\AI\SAND Project\Detecting_Dysarthia\testing_data\test\phonationI\ID020_phonationI.wav,5,Healthy
d:\University\AI\SAND Project\Detecting_Dysarthia\testing_data\test\phonationI\ID205_phonationI.wav,5,Healthy
d:\University\AI\SAND Project\Detecting_Dysarthia\testing_data\test\phonationI\ID220_phonationI.wav,5,Healthy
d:\University\AI\SAND Project\Detecting_Dysarthia\testing_data\test\phonationO\ID020_phonationO.wav,5,Healthy
d:\University\AI\SAND Project\Detecting_Dysarthia\testing_data\test\phonationO\ID205_phonationO.wav,5,Healthy
d:\University\AI\SAND Project\Detecting_Dysarthia\testing_data\test\phonationO\ID220_phonationO.wav,5,Healthy
d:\University\AI\SAND Project\Detecting_Dysarthia\testing_data\test\phonationU\ID020_phonationU.wav,5,Healthy
d:\University\AI\SAND Project\Detecting_Dysarthia\testing_data\test\phonationU\ID205_phonationU.wav,5,Healthy
d:\University\AI\SAND Project\Detecting_Dysarthia\testing_data\test\phonationU\ID220_phonationU.wav,5,Healthy
d:\University\AI\SAND Project\Detecting_Dysarthia\testing_data\test\rhythmKA\ID020_rhythmKA.wav,5,Healthy
d:\University\AI\SAND Project\Detecting_Dysarthia\testing_data\test\rhythmKA\ID205_rhythmKA.wav,5,Healthy
d:\University\AI\SAND Project\Detecting_Dysarthia\testing_data\test\rhythmKA\ID220_rhythmKA.wav,5,Healthy
d:\University\AI\SAND Project\Detecting_Dysarthia\testing_data\test\rhythmPA\ID020_rhythmPA.wav,5,Healthy
d:\University\AI\SAND Project\Detecting_Dysarthia\testing_data\test\rhythmPA\ID205_rhythmPA.wav,5,Healthy
d:\University\AI\SAND Project\Detecting_Dysarthia\testing_data\test\rhythmPA\ID220_rhythmPA.wav,5,Healthy
d:\University\AI\SAND Project\Detecting_Dysarthia\testing_data\test\rhythmTA\ID020_rhythmTA.wav,5,Healthy
d:\University\AI\SAND Project\Detecting_Dysarthia\testing_data\test\rhythmTA\ID205_rhythmTA.wav,5,Healthy
d:\University\AI\SAND Project\Detecting_Dysarthia\testing_data\test\rhythmTA\ID220_rhythmTA.wav,5,Healthy
d:\University\AI\SAND Project\Detecting_Dysarthia\testing_data\test\phonationA\ID022_phonationA.wav,5,Healthy
d:\University\AI\SAND Project\Detecting_Dysarthia\testing_data\test\phonationA\ID220_phonationA.wav,5,Healthy
d:\University\AI\SAND Project\Detecting_Dysarthia\testing_data\test\phonationA\ID221_phonationA.wav,5,Healthy
d:\University\AI\SAND Project\Detecting_Dysarthia\testing_data\test\phonationE\ID022_phonationE.wav,5,Healthy
d:\University\AI\SAND Project\Detecting_Dysarthia\testing_data\test\phonationE\ID220_phonationE.wav,5,Healthy
d:\University\AI\SAND Project\Detecting_Dysarthia\testing_data\test\phonationE\ID221_phonationE.wav,5,Healthy
d:\University\AI\SAND Project\Detecting_Dysarthia\testing_data\test\phonationI\ID022_phonationI.wav,5,Healthy
d:\University\AI\SAND Project\Detecting_Dysarthia\testing_data\test\phonationI\ID220_phonationI.wav,5,Healthy
d:\University\AI\SAND Project\Detecting_Dysarthia\testing_data\test\phonationI\ID221_phonationI.wav,5,Healthy
d:\University\AI\SAND Project\Detecting_Dysarthia\testing_data\test\phonationO\ID022_phonationO.wav,5,Healthy
d:\University\AI\SAND Project\Detecting_Dysarthia\testing_data\test\phonationO\ID220_phonationO.wav,5,Healthy
d:\University\AI\SAND Project\Detecting_Dysarthia\testing_data\test\phonationO\ID221_phonationO.wav,5,Healthy
d:\University\AI\SAND Project\Detecting_Dysarthia\testing_data\test\phonationU\ID022_phonationU.wav,5,Healthy
d:\University\AI\SAND Project\Detecting_Dysarthia\testing_data\test\phonationU\ID220_phonationU.wav,5,Healthy
d:\University\AI\SAND Project\Detecting_Dysarthia\testing_data\test\phonationU\ID221_phonationU.wav,5,Healthy
d:\University\AI\SAND Project\Detecting_Dysarthia\testing_data\test\rhythmKA\ID022_rhythmKA.wav,5,Healthy
d:\University\AI\SAND Project\Detecting_Dysarthia\testing_data\test\rhythmKA\ID220_rhythmKA.wav,5,Healthy
d:\University\AI\SAND Project\Detecting_Dysarthia\testing_data\test\rhythmKA\ID221_rhythmKA.wav,5,Healthy
d:\University\AI\SAND Project\Detecting_Dysarthia\testing_data\test\rhythmPA\ID022_rhythmPA.wav,5,Healthy
d:\University\AI\SAND Project\Detecting_Dysarthia\testing_data\test\rhythmPA\ID220_rhythmPA.wav,5,Healthy
d:\University\AI\SAND Project\Detecting_Dysarthia\testing_data\test\rhythmPA\ID221_rhythmPA.wav,5,Healthy
d:\University\AI\SAND Project\Detecting_Dysarthia\testing_data\test\rhythmTA\ID022_rhythmTA.wav,5,Healthy
d:\University\AI\SAND Project\Detecting_Dysarthia\testing_data\test\rhythmTA\ID220_rhythmTA.wav,5,Healthy
d:\University\AI\SAND Project\Detecting_Dysarthia\testing_data\test\rhythmTA\ID221_rhythmTA.wav,5,Healthy
d:\University\AI\SAND Project\Detecting_Dysarthia\testing_data\test\phonationA\ID031_phonationA.wav,5,Healthy
d:\University\AI\SAND Project\Detecting_Dysarthia\testing_data\test\phonationA\ID310_phonationA.wav,5,Healthy
d:\University\AI\SAND Project\Detecting_Dysarthia\testing_data\test\phonationE\ID031_phonationE.wav,5,Healthy
d:\University\AI\SAND Project\Detecting_Dysarthia\testing_data\test\phonationE\ID310_phonationE.wav,5,Healthy
d:\University\AI\SAND Project\Detecting_Dysarthia\testing_data\test\phonationI\ID031_phonationI.wav,5,Healthy
d:\University\AI\SAND Project\Detecting_Dysarthia\testing_data\test\phonationI\ID310_phonationI.wav,5,Healthy
d:\University\AI\SAND Project\Detecting_Dysarthia\testing_data\test\phonationO\ID031_phonationO.wav,5,Healthy
d:\University\AI\SAND Project\Detecting_Dysarthia\testing_data\test\phonationO\ID310_phonationO.wav,5,Healthy
d:\University\AI\SAND Project\Detecting_Dysarthia\testing_data\test\phonationU\ID031_phonationU.wav,5,Healthy
d:\University\AI\SAND Project\Detecting_Dysarthia\testing_data\test\phonationU\ID310_phonationU.wav,5,Healthy
d:\University\AI\SAND Project\Detecting_Dysarthia\testing_data\test\rhythmKA\ID031_rhythmKA.wav,5,Healthy
d:\University\AI\SAND Project\Detecting_Dysarthia\testing_data\test\rhythmKA\ID310_rhythmKA.wav,5,Healthy
d:\University\AI\SAND Project\Detecting_Dysarthia\testing_data\test\rhythmPA\ID031_rhythmPA.wav,5,Healthy
d:\University\AI\SAND Project\Detecting_Dysarthia\testing_data\test\rhythmPA\ID310_rhythmPA.wav,5,Healthy
d:\University\AI\SAND Project\Detecting_Dysarthia\testing_data\test\rhythmTA\ID031_rhythmTA.wav,5,Healthy
d:\University\AI\SAND Project\Detecting_Dysarthia\testing_data\test\rhythmTA\ID310_rhythmTA.wav,5,Healthy
d:\University\AI\SAND Project\Detecting_Dysarthia\testing_data\test\phonationA\ID032_phonationA.wav,5,Healthy
d:\University\AI\SAND Project\Detecting_Dysarthia\testing_data\test\phonationA\ID232_phonationA.wav,5,Healthy
d:\University\AI\SAND Project\Detecting_Dysarthia\testing_data\test\phonationA\ID321_phonationA.wav,5,Healthy
d:\University\AI\SAND Project\Detecting_Dysarthia\testing_data\test\phonationA\ID325_phonationA.wav,5,Healthy
d:\University\AI\SAND Project\Detecting_Dysarthia\testing_data\test\phonationA\ID327_phonationA.wav,5,Healthy
d:\University\AI\SAND Project\Detecting_Dysarthia\testing_data\test\phonationE\ID032_phonationE.wav,5,Healthy
d:\University\AI\SAND Project\Detecting_Dysarthia\testing_data\test\phonationE\ID232_phonationE.wav,5,Healthy
d:\University\AI\SAND Project\Detecting_Dysarthia\testing_data\test\phonationE\ID321_phonationE.wav,5,Healthy
d:\University\AI\SAND Project\Detecting_Dysarthia\testing_data\test\phonationE\ID325_phonationE.wav,5,Healthy
d:\University\AI\SAND Project\Detecting_Dysarthia\testing_data\test\phonationE\ID327_phonationE.wav,5,Healthy
d:\University\AI\SAND Project\Detecting_Dysarthia\testing_data\test\phonationI\ID032_phonationI.wav,5,Healthy
d:\University\AI\SAND Project\Detecting_Dysarthia\testing_data\test\phonationI\ID232_phonationI.wav,5,Healthy
d:\University\AI\SAND Project\Detecting_Dysarthia\testing_data\test\phonationI\ID321_phonationI.wav,5,Healthy
d:\University\AI\SAND Project\Detecting_Dysarthia\testing_data\test\phonationI\ID325_phonationI.wav,5,Healthy
d:\University\AI\SAND Project\Detecting_Dysarthia\testing_data\test\phonationI\ID327_phonationI.wav,5,Healthy
d:\University\AI\SAND Project\Detecting_Dysarthia\testing_data\test\phonationO\ID032_phonationO.wav,5,Healthy
d:\University\AI\SAND Project\Detecting_Dysarthia\testing_data\test\phonationO\ID232_phonationO.wav,5,Healthy
d:\University\AI\SAND Project\Detecting_Dysarthia\testing_data\test\phonationO\ID321_phonationO.wav,5,Healthy
d:\University\AI\SAND Project\Detecting_Dysarthia\testing_data\test\phonationO\ID325_phonationO.wav,5,Healthy
d:\University\AI\SAND Project\Detecting_Dysarthia\testing_data\test\phonationO\ID327_phonationO.wav,5,Healthy
d:\University\AI\SAND Project\Detecting_Dysarthia\testing_data\test\phonationU\ID032_phonationU.wav,5,Healthy
d:\University\AI\SAND Project\Detecting_Dysarthia\testing_data\test\phonationU\ID232_phonationU.wav,5,Healthy
d:\University\AI\SAND Project\Detecting_Dysarthia\testing_data\test\phonationU\ID321_phonationU.wav,5,Healthy
d:\University\AI\SAND Project\Detecting_Dysarthia\testing_data\test\phonationU\ID325_phonationU.wav,5,Healthy
d:\University\AI\SAND Project\Detecting_Dysarthia\testing_data\test\phonationU\ID327_phonationU.wav,5,Healthy
d:\University\AI\SAND Project\Detecting_Dysarthia\testing_data\test\rhythmKA\ID032_rhythmKA.wav,5,Healthy
d:\University\AI\SAND Project\Detecting_Dysarthia\testing_data\test\rhythmKA\ID232_rhythmKA.wav,5,Healthy
d:\University\AI\SAND Project\Detecting_Dysarthia\testing_data\test\rhythmKA\ID321_rhythmKA.wav,5,Healthy
d:\University\AI\SAND Project\Detecting_Dysarthia\testing_data\test\rhythmKA\ID325_rhythmKA.wav,5,Healthy
d:\University\AI\SAND Project\Detecting_Dysarthia\testing_data\test\rhythmKA\ID327_rhythmKA.wav,5,Healthy
d:\University\AI\SAND Project\Detecting_Dysarthia\testing_data\test\rhythmPA\ID032_rhythmPA.wav,5,Healthy
d:\University\AI\SAND Project\Detecting_Dysarthia\testing_data\test\rhythmPA\ID232_rhythmPA.wav,5,Healthy
d:\University\AI\SAND Project\Detecting_Dysarthia\testing_data\test\rhythmPA\ID321_rhythmPA.wav,5,Healthy
d:\University\AI\SAND Project\Detecting_Dysarthia\testing_data\test\rhythmPA\ID325_rhythmPA.wav,5,Healthy
d:\University\AI\SAND Project\Detecting_Dysarthia\testing_data\test\rhythmPA\ID327_rhythmPA.wav,5,Healthy
d:\University\AI\SAND Project\Detecting_Dysarthia\testing_data\test\rhythmTA\ID032_rhythmTA.wav,5,Healthy
d:\University\AI\SAND Project\Detecting_Dysarthia\testing_data\test\rhythmTA\ID232_rhythmTA.wav,5,Healthy
d:\University\AI\SAND Project\Detecting_Dysarthia\testing_data\test\rhythmTA\ID321_rhythmTA.wav,5,Healthy
d:\University\AI\SAND Project\Detecting_Dysarthia\testing_data\test\rhythmTA\ID325_rhythmTA.wav,5,Healthy
d:\University\AI\SAND Project\Detecting_Dysarthia\testing_data\test\rhythmTA\ID327_rhythmTA.wav,5,Healthy
d:\University\AI\SAND Project\Detecting_Dysarthia\testing_data\test\phonationA\ID039_phonationA.wav,5,Healthy
d:\University\AI\SAND Project\Detecting_Dysarthia\testing_data\test\phonationE\ID039_phonationE.wav,5,Healthy
d:\University\AI\SAND Project\Detecting_Dysarthia\testing_data\test\phonationI\ID039_phonationI.wav,5,Healthy
d:\University\AI\SAND Project\Detecting_Dysarthia\testing_data\test\phonationO\ID039_phonationO.wav,5,Healthy
d:\University\AI\SAND Project\Detecting_Dysarthia\testing_data\test\phonationU\ID039_phonationU.wav,5,Healthy
d:\University\AI\SAND Project\Detecting_Dysarthia\testing_data\test\rhythmKA\ID039_rhythmKA.wav,5,Healthy
d:\University\AI\SAND Project\Detecting_Dysarthia\testing_data\test\rhythmPA\ID039_rhythmPA.wav,5,Healthy
d:\University\AI\SAND Project\Detecting_Dysarthia\testing_data\test\rhythmTA\ID039_rhythmTA.wav,5,Healthy
d:\University\AI\SAND Project\Detecting_Dysarthia\testing_data\test\phonationA\ID043_phonationA.wav,5,Healthy
d:\University\AI\SAND Project\Detecting_Dysarthia\testing_data\test\phonationA\ID243_phonationA.wav,5,Healthy
d:\University\AI\SAND Project\Detecting_Dysarthia\testing_data\test\phonationE\ID043_phonationE.wav,5,Healthy
d:\University\AI\SAND Project\Detecting_Dysarthia\testing_data\test\phonationE\ID243_phonationE.wav,5,Healthy
d:\University\AI\SAND Project\Detecting_Dysarthia\testing_data\test\phonationI\ID043_phonationI.wav,5,Healthy
d:\University\AI\SAND Project\Detecting_Dysarthia\testing_data\test\phonationI\ID243_phonationI.wav,5,Healthy
d:\University\AI\SAND Project\Detecting_Dysarthia\testing_data\test\phonationO\ID043_phonationO.wav,5,Healthy
d:\University\AI\SAND Project\Detecting_Dysarthia\testing_data\test\phonationO\ID243_phonationO.wav,5,Healthy
d:\University\AI\SAND Project\Detecting_Dysarthia\testing_data\test\phonationU\ID043_phonationU.wav,5,Healthy
d:\University\AI\SAND Project\Detecting_Dysarthia\testing_data\test\phonationU\ID243_phonationU.wav,5,Healthy
d:\University\AI\SAND Project\Detecting_Dysarthia\testing_data\test\rhythmKA\ID043_rhythmKA.wav,5,Healthy
d:\University\AI\SAND Project\Detecting_Dysarthia\testing_data\test\rhythmKA\ID243_rhythmKA.wav,5,Healthy
d:\University\AI\SAND Project\Detecting_Dysarthia\testing_data\test\rhythmPA\ID043_rhythmPA.wav,5,Healthy
d:\University\AI\SAND Project\Detecting_Dysarthia\testing_data\test\rhythmPA\ID243_rhythmPA.wav,5,Healthy
d:\University\AI\SAND Project\Detecting_Dysarthia\testing_data\test\rhythmTA\ID043_rhythmTA.wav,5,Healthy
d:\University\AI\SAND Project\Detecting_Dysarthia\testing_data\test\rhythmTA\ID243_rhythmTA.wav,5,Healthy
d:\University\AI\SAND Project\Detecting_Dysarthia\testing_data\test\phonationA\ID044_phonationA.wav,5,Healthy
d:\University\AI\SAND Project\Detecting_Dysarthia\testing_data\test\phonationA\ID244_phonationA.wav,5,Healthy
d:\University\AI\SAND Project\Detecting_Dysarthia\testing_data\test\phonationE\ID044_phonationE.wav,5,Healthy
d:\University\AI\SAND Project\Detecting_Dysarthia\testing_data\test\phonationE\ID244_phonationE.wav,5,Healthy
d:\University\AI\SAND Project\Detecting_Dysarthia\testing_data\test\phonationI\ID044_phonationI.wav,5,Healthy
d:\University\AI\SAND Project\Detecting_Dysarthia\testing_data\test\phonationI\ID244_phonationI.wav,5,Healthy
d:\University\AI\SAND Project\Detecting_Dysarthia\testing_data\test\phonationO\ID044_phonationO.wav,5,Healthy
d:\University\AI\SAND Project\Detecting_Dysarthia\testing_data\test\phonationO\ID244_phonationO.wav,5,Healthy
d:\University\AI\SAND Project\Detecting_Dysarthia\testing_data\test\phonationU\ID044_phonationU.wav,5,Healthy
d:\University\AI\SAND Project\Detecting_Dysarthia\testing_data\test\phonationU\ID244_phonationU.wav,5,Healthy
d:\University\AI\SAND Project\Detecting_Dysarthia\testing_data\test\rhythmKA\ID044_rhythmKA.wav,5,Healthy
d:\University\AI\SAND Project\Detecting_Dysarthia\testing_data\test\rhythmKA\ID244_rhythmKA.wav,5,Healthy
d:\University\AI\SAND Project\Detecting_Dysarthia\testing_data\test\rhythmPA\ID044_rhythmPA.wav,5,Healthy
d:\University\AI\SAND Project\Detecting_Dysarthia\testing_data\test\rhythmPA\ID244_rhythmPA.wav,5,Healthy
d:\University\AI\SAND Project\Detecting_Dysarthia\testing_data\test\rhythmTA\ID044_rhythmTA.wav,5,Healthy
d:\University\AI\SAND Project\Detecting_Dysarthia\testing_data\test\rhythmTA\ID244_rhythmTA.wav,5,Healthy
d:\University\AI\SAND Project\Detecting_Dysarthia\testing_data\test\phonationA\ID045_phonationA.wav,5,Healthy
d:\University\AI\SAND Project\Detecting_Dysarthia\testing_data\test\phonationE\ID045_phonationE.wav,5,Healthy
d:\University\AI\SAND Project\Detecting_Dysarthia\testing_data\test\phonationI\ID045_phonationI.wav,5,Healthy
d:\University\AI\SAND Project\Detecting_Dysarthia\testing_data\test\phonationO\ID045_phonationO.wav,5,Healthy
d:\University\AI\SAND Project\Detecting_Dysarthia\testing_data\test\phonationU\ID045_phonationU.wav,5,Healthy
d:\University\AI\SAND Project\Detecting_Dysarthia\testing_data\test\rhythmKA\ID045_rhythmKA.wav,5,Healthy
d:\University\AI\SAND Project\Detecting_Dysarthia\testing_data\test\rhythmPA\ID045_rhythmPA.wav,5,Healthy
d:\University\AI\SAND Project\Detecting_Dysarthia\testing_data\test\rhythmTA\ID045_rhythmTA.wav,5,Healthy
d:\University\AI\SAND Project\Detecting_Dysarthia\testing_data\test\phonationA\ID055_phonationA.wav,5,Healthy
d:\University\AI\SAND Project\Detecting_Dysarthia\testing_data\test\phonationE\ID055_phonationE.wav,5,Healthy
d:\University\AI\SAND Project\Detecting_Dysarthia\testing_data\test\phonationI\ID055_phonationI.wav,5,Healthy
d:\University\AI\SAND Project\Detecting_Dysarthia\testing_data\test\phonationO\ID055_phonationO.wav,5,Healthy
d:\University\AI\SAND Project\Detecting_Dysarthia\testing_data\test\phonationU\ID055_phonationU.wav,5,Healthy
d:\University\AI\SAND Project\Detecting_Dysarthia\testing_data\test\rhythmKA\ID055_rhythmKA.wav,5,Healthy
d:\University\AI\SAND Project\Detecting_Dysarthia\testing_data\test\rhythmPA\ID055_rhythmPA.wav,5,Healthy
d:\University\AI\SAND Project\Detecting_Dysarthia\testing_data\test\rhythmTA\ID055_rhythmTA.wav,5,Healthy
d:\University\AI\SAND Project\Detecting_Dysarthia\testing_data\test\phonationA\ID062_phonationA.wav,5,Healthy
d:\University\AI\SAND Project\Detecting_Dysarthia\testing_data\test\phonationA\ID162_phonationA.wav,5,Healthy
d:\University\AI\SAND Project\Detecting_Dysarthia\testing_data\test\phonationE\ID062_phonationE.wav,5,Healthy
d:\University\AI\SAND Project\Detecting_Dysarthia\testing_data\test\phonationE\ID162_phonationE.wav,5,Healthy
d:\University\AI\SAND Project\Detecting_Dysarthia\testing_data\test\phonationI\ID062_phonationI.wav,5,Healthy
d:\University\AI\SAND Project\Detecting_Dysarthia\testing_data\test\phonationI\ID162_phonationI.wav,5,Healthy
d:\University\AI\SAND Project\Detecting_Dysarthia\testing_data\test\phonationO\ID062_phonationO.wav,5,Healthy
d:\University\AI\SAND Project\Detecting_Dysarthia\testing_data\test\phonationO\ID162_phonationO.wav,5,Healthy
d:\University\AI\SAND Project\Detecting_Dysarthia\testing_data\test\phonationU\ID062_phonationU.wav,5,Healthy
d:\University\AI\SAND Project\Detecting_Dysarthia\testing_data\test\phonationU\ID162_phonationU.wav,5,Healthy
d:\University\AI\SAND Project\Detecting_Dysarthia\testing_data\test\rhythmKA\ID062_rhythmKA.wav,5,Healthy
d:\University\AI\SAND Project\Detecting_Dysarthia\testing_data\test\rhythmKA\ID162_rhythmKA.wav,5,Healthy
d:\University\AI\SAND Project\Detecting_Dysarthia\testing_data\test\rhythmPA\ID062_rhythmPA.wav,5,Healthy
d:\University\AI\SAND Project\Detecting_Dysarthia\testing_data\test\rhythmPA\ID162_rhythmPA.wav,5,Healthy
d:\University\AI\SAND Project\Detecting_Dysarthia\testing_data\test\rhythmTA\ID062_rhythmTA.wav,5,Healthy
d:\University\AI\SAND Project\Detecting_Dysarthia\testing_data\test\rhythmTA\ID162_rhythmTA.wav,5,Healthy
d:\University\AI\SAND Project\Detecting_Dysarthia\testing_data\test\phonationA\ID065_phonationA.wav,5,Healthy
d:\University\AI\SAND Project\Detecting_Dysarthia\testing_data\test\phonationE\ID065_phonationE.wav,5,Healthy
d:\University\AI\SAND Project\Detecting_Dysarthia\testing_data\test\phonationI\ID065_phonationI.wav,5,Healthy
d:\University\AI\SAND Project\Detecting_Dysarthia\testing_data\test\phonationO\ID065_phonationO.wav,5,Healthy
d:\University\AI\SAND Project\Detecting_Dysarthia\testing_data\test\phonationU\ID065_phonationU.wav,5,Healthy
d:\University\AI\SAND Project\Detecting_Dysarthia\testing_data\test\rhythmKA\ID065_rhythmKA.wav,5,Healthy
d:\University\AI\SAND Project\Detecting_Dysarthia\testing_data\test\rhythmPA\ID065_rhythmPA.wav,5,Healthy
d:\University\AI\SAND Project\Detecting_Dysarthia\testing_data\test\rhythmTA\ID065_rhythmTA.wav,5,Healthy
d:\University\AI\SAND Project\Detecting_Dysarthia\testing_data\test\phonationA\ID071_phonationA.wav,5,Healthy
d:\University\AI\SAND Project\Detecting_Dysarthia\testing_data\test\phonationA\ID271_phonationA.wav,5,Healthy
d:\University\AI\SAND Project\Detecting_Dysarthia\testing_data\test\phonationE\ID071_phonationE.wav,5,Healthy
d:\University\AI\SAND Project\Detecting_Dysarthia\testing_data\test\phonationE\ID271_phonationE.wav,5,Healthy
d:\University\AI\SAND Project\Detecting_Dysarthia\testing_data\test\phonationI\ID071_phonationI.wav,5,Healthy
d:\University\AI\SAND Project\Detecting_Dysarthia\testing_data\test\phonationI\ID271_phonationI.wav,5,Healthy
d:\University\AI\SAND Project\Detecting_Dysarthia\testing_data\test\phonationO\ID071_phonationO.wav,5,Healthy
d:\University\AI\SAND Project\Detecting_Dysarthia\testing_data\test\phonationO\ID271_phonationO.wav,5,Healthy
d:\University\AI\SAND Project\Detecting_Dysarthia\testing_data\test\phonationU\ID071_phonationU.wav,5,Healthy
d:\University\AI\SAND Project\Detecting_Dysarthia\testing_data\test\phonationU\ID271_phonationU.wav,5,Healthy
d:\University\AI\SAND Project\Detecting_Dysarthia\testing_data\test\rhythmKA\ID071_rhythmKA.wav,5,Healthy
d:\University\AI\SAND Project\Detecting_Dysarthia\testing_data\test\rhythmKA\ID271_rhythmKA.wav,5,Healthy
d:\University\AI\SAND Project\Detecting_Dysarthia\testing_data\test\rhythmPA\ID071_rhythmPA.wav,5,Healthy
d:\University\AI\SAND Project\Detecting_Dysarthia\testing_data\test\rhythmPA\ID271_rhythmPA.wav,5,Healthy
d:\University\AI\SAND Project\Detecting_Dysarthia\testing_data\test\rhythmTA\ID071_rhythmTA.wav,5,Healthy
d:\University\AI\SAND Project\Detecting_Dysarthia\testing_data\test\rhythmTA\ID271_rhythmTA.wav,5,Healthy
d:\University\AI\SAND Project\Detecting_Dysarthia\testing_data\test\phonationA\ID073_phonationA.wav,5,Healthy
d:\University\AI\SAND Project\Detecting_Dysarthia\testing_data\test\phonationE\ID073_phonationE.wav,5,Healthy
d:\University\AI\SAND Project\Detecting_Dysarthia\testing_data\test\phonationI\ID073_phonationI.wav,5,Healthy
d:\University\AI\SAND Project\Detecting_Dysarthia\testing_data\test\phonationO\ID073_phonationO.wav,5,Healthy
d:\University\AI\SAND Project\Detecting_Dysarthia\testing_data\test\phonationU\ID073_phonationU.wav,5,Healthy
d:\University\AI\SAND Project\Detecting_Dysarthia\testing_data\test\rhythmKA\ID073_rhythmKA.wav,5,Healthy
d:\University\AI\SAND Project\Detecting_Dysarthia\testing_data\test\rhythmPA\ID073_rhythmPA.wav,5,Healthy
d:\University\AI\SAND Project\Detecting_Dysarthia\testing_data\test\rhythmTA\ID073_rhythmTA.wav,5,Healthy
d:\University\AI\SAND Project\Detecting_Dysarthia\testing_data\test\phonationA\ID078_phonationA.wav,5,Healthy
d:\University\AI\SAND Project\Detecting_Dysarthia\testing_data\test\phonationE\ID078_phonationE.wav,5,Healthy
d:\University\AI\SAND Project\Detecting_Dysarthia\testing_data\test\phonationI\ID078_phonationI.wav,5,Healthy
d:\University\AI\SAND Project\Detecting_Dysarthia\testing_data\test\phonationO\ID078_phonationO.wav,5,Healthy
d:\University\AI\SAND Project\Detecting_Dysarthia\testing_data\test\phonationU\ID078_phonationU.wav,5,Healthy
d:\University\AI\SAND Project\Detecting_Dysarthia\testing_data\test\rhythmKA\ID078_rhythmKA.wav,5,Healthy
d:\University\AI\SAND Project\Detecting_Dysarthia\testing_data\test\rhythmPA\ID078_rhythmPA.wav,5,Healthy
d:\University\AI\SAND Project\Detecting_Dysarthia\testing_data\test\rhythmTA\ID078_rhythmTA.wav,5,Healthy
d:\University\AI\SAND Project\Detecting_Dysarthia\testing_data\test\phonationA\ID079_phonationA.wav,5,Healthy
d:\University\AI\SAND Project\Detecting_Dysarthia\testing_data\test\phonationA\ID279_phonationA.wav,5,Healthy
d:\University\AI\SAND Project\Detecting_Dysarthia\testing_data\test\phonationE\ID079_phonationE.wav,5,Healthy
d:\University\AI\SAND Project\Detecting_Dysarthia\testing_data\test\phonationE\ID279_phonationE.wav,5,Healthy
d:\University\AI\SAND Project\Detecting_Dysarthia\testing_data\test\phonationI\ID079_phonationI.wav,5,Healthy
d:\University\AI\SAND Project\Detecting_Dysarthia\testing_data\test\phonationI\ID279_phonationI.wav,5,Healthy
d:\University\AI\SAND Project\Detecting_Dysarthia\testing_data\test\phonationO\ID079_phonationO.wav,5,Healthy
d:\University\AI\SAND Project\Detecting_Dysarthia\testing_data\test\phonationO\ID279_phonationO.wav,5,Healthy
d:\University\AI\SAND Project\Detecting_Dysarthia\testing_data\test\phonationU\ID079_phonationU.wav,5,Healthy
d:\University\AI\SAND Project\Detecting_Dysarthia\testing_data\test\phonationU\ID279_phonationU.wav,5,Healthy
d:\University\AI\SAND Project\Detecting_Dysarthia\testing_data\test\rhythmKA\ID079_rhythmKA.wav,5,Healthy
d:\University\AI\SAND Project\Detecting_Dysarthia\testing_data\test\rhythmKA\ID279_rhythmKA.wav,5,Healthy
d:\University\AI\SAND Project\Detecting_Dysarthia\testing_data\test\rhythmPA\ID079_rhythmPA.wav,5,Healthy
d:\University\AI\SAND Project\Detecting_Dysarthia\testing_data\test\rhythmPA\ID279_rhythmPA.wav,5,Healthy
d:\University\AI\SAND Project\Detecting_Dysarthia\testing_data\test\rhythmTA\ID079_rhythmTA.wav,5,Healthy
d:\University\AI\SAND Project\Detecting_Dysarthia\testing_data\test\rhythmTA\ID279_rhythmTA.wav,5,Healthy
d:\University\AI\SAND Project\Detecting_Dysarthia\testing_data\test\phonationA\ID082_phonationA.wav,5,Healthy
d:\University\AI\SAND Project\Detecting_Dysarthia\testing_data\test\phonationE\ID082_phonationE.wav,5,Healthy
d:\University\AI\SAND Project\Detecting_Dysarthia\testing_data\test\phonationI\ID082_phonationI.wav,5,Healthy
d:\University\AI\SAND Project\Detecting_Dysarthia\testing_data\test\phonationO\ID082_phonationO.wav,5,Healthy
d:\University\AI\SAND Project\Detecting_Dysarthia\testing_data\test\phonationU\ID082_phonationU.wav,5,Healthy
d:\University\AI\SAND Project\Detecting_Dysarthia\testing_data\test\rhythmKA\ID082_rhythmKA.wav,5,Healthy
d:\University\AI\SAND Project\Detecting_Dysarthia\testing_data\test\rhythmPA\ID082_rhythmPA.wav,5,Healthy
d:\University\AI\SAND Project\Detecting_Dysarthia\testing_data\test\rhythmTA\ID082_rhythmTA.wav,5,Healthy
d:\University\AI\SAND Project\Detecting_Dysarthia\testing_data\test\phonationA\ID086_phonationA.wav,5,Healthy
d:\University\AI\SAND Project\Detecting_Dysarthia\testing_data\test\phonationE\ID086_phonationE.wav,5,Healthy
d:\University\AI\SAND Project\Detecting_Dysarthia\testing_data\test\phonationI\ID086_phonationI.wav,5,Healthy
d:\University\AI\SAND Project\Detecting_Dysarthia\testing_data\test\phonationO\ID086_phonationO.wav,5,Healthy
d:\University\AI\SAND Project\Detecting_Dysarthia\testing_data\test\phonationU\ID086_phonationU.wav,5,Healthy
d:\University\AI\SAND Project\Detecting_Dysarthia\testing_data\test\rhythmKA\ID086_rhythmKA.wav,5,Healthy
d:\University\AI\SAND Project\Detecting_Dysarthia\testing_data\test\rhythmPA\ID086_rhythmPA.wav,5,Healthy
d:\University\AI\SAND Project\Detecting_Dysarthia\testing_data\test\rhythmTA\ID086_rhythmTA.wav,5,Healthy
d:\University\AI\SAND Project\Detecting_Dysarthia\testing_data\test\phonationA\ID087_phonationA.wav,5,Healthy
d:\University\AI\SAND Project\Detecting_Dysarthia\testing_data\test\phonationE\ID087_phonationE.wav,5,Healthy
d:\University\AI\SAND Project\Detecting_Dysarthia\testing_data\test\phonationI\ID087_phonationI.wav,5,Healthy
d:\University\AI\SAND Project\Detecting_Dysarthia\testing_data\test\phonationO\ID087_phonationO.wav,5,Healthy
d:\University\AI\SAND Project\Detecting_Dysarthia\testing_data\test\phonationU\ID087_phonationU.wav,5,Healthy
d:\University\AI\SAND Project\Detecting_Dysarthia\testing_data\test\rhythmKA\ID087_rhythmKA.wav,5,Healthy
d:\University\AI\SAND Project\Detecting_Dysarthia\testing_data\test\rhythmPA\ID087_rhythmPA.wav,5,Healthy
d:\University\AI\SAND Project\Detecting_Dysarthia\testing_data\test\rhythmTA\ID087_rhythmTA.wav,5,Healthy
d:\University\AI\SAND Project\Detecting_Dysarthia\testing_data\test\phonationA\ID089_phonationA.wav,5,Healthy
d:\University\AI\SAND Project\Detecting_Dysarthia\testing_data\test\phonationE\ID089_phonationE.wav,5,Healthy
d:\University\AI\SAND Project\Detecting_Dysarthia\testing_data\test\phonationI\ID089_phonationI.wav,5,Healthy
d:\University\AI\SAND Project\Detecting_Dysarthia\testing_data\test\phonationO\ID089_phonationO.wav,5,Healthy
d:\University\AI\SAND Project\Detecting_Dysarthia\testing_data\test\phonationU\ID089_phonationU.wav,5,Healthy
d:\University\AI\SAND Project\Detecting_Dysarthia\testing_data\test\rhythmKA\ID089_rhythmKA.wav,5,Healthy
d:\University\AI\SAND Project\Detecting_Dysarthia\testing_data\test\rhythmPA\ID089_rhythmPA.wav,5,Healthy
d:\University\AI\SAND Project\Detecting_Dysarthia\testing_data\test\rhythmTA\ID089_rhythmTA.wav,5,Healthy
d:\University\AI\SAND Project\Detecting_Dysarthia\testing_data\test\phonationA\ID095_phonationA.wav,5,Healthy
d:\University\AI\SAND Project\Detecting_Dysarthia\testing_data\test\phonationE\ID095_phonationE.wav,5,Healthy
d:\University\AI\SAND Project\Detecting_Dysarthia\testing_data\test\phonationI\ID095_phonationI.wav,5,Healthy
d:\University\AI\SAND Project\Detecting_Dysarthia\testing_data\test\phonationO\ID095_phonationO.wav,5,Healthy
d:\University\AI\SAND Project\Detecting_Dysarthia\testing_data\test\phonationU\ID095_phonationU.wav,5,Healthy
d:\University\AI\SAND Project\Detecting_Dysarthia\testing_data\test\rhythmKA\ID095_rhythmKA.wav,5,Healthy
d:\University\AI\SAND Project\Detecting_Dysarthia\testing_data\test\rhythmPA\ID095_rhythmPA.wav,5,Healthy
d:\University\AI\SAND Project\Detecting_Dysarthia\testing_data\test\rhythmTA\ID095_rhythmTA.wav,5,Healthy
d:\University\AI\SAND Project\Detecting_Dysarthia\testing_data\test\phonationA\ID103_phonationA.wav,5,Healthy
d:\University\AI\SAND Project\Detecting_Dysarthia\testing_data\test\phonationE\ID103_phonationE.wav,5,Healthy
d:\University\AI\SAND Project\Detecting_Dysarthia\testing_data\test\phonationI\ID103_phonationI.wav,5,Healthy
d:\University\AI\SAND Project\Detecting_Dysarthia\testing_data\test\phonationO\ID103_phonationO.wav,5,Healthy
d:\University\AI\SAND Project\Detecting_Dysarthia\testing_data\test\phonationU\ID103_phonationU.wav,5,Healthy
d:\University\AI\SAND Project\Detecting_Dysarthia\testing_data\test\rhythmKA\ID103_rhythmKA.wav,5,Healthy
d:\University\AI\SAND Project\Detecting_Dysarthia\testing_data\test\rhythmPA\ID103_rhythmPA.wav,5,Healthy
d:\University\AI\SAND Project\Detecting_Dysarthia\testing_data\test\rhythmTA\ID103_rhythmTA.wav,5,Healthy
d:\University\AI\SAND Project\Detecting_Dysarthia\testing_data\test\phonationA\ID114_phonationA.wav,5,Healthy
d:\University\AI\SAND Project\Detecting_Dysarthia\testing_data\test\phonationE\ID114_phonationE.wav,5,Healthy
d:\University\AI\SAND Project\Detecting_Dysarthia\testing_data\test\phonationI\ID114_phonationI.wav,5,Healthy
d:\University\AI\SAND Project\Detecting_Dysarthia\testing_data\test\phonationO\ID114_phonationO.wav,5,Healthy
d:\University\AI\SAND Project\Detecting_Dysarthia\testing_data\test\phonationU\ID114_phonationU.wav,5,Healthy
d:\University\AI\SAND Project\Detecting_Dysarthia\testing_data\test\rhythmKA\ID114_rhythmKA.wav,5,Healthy
d:\University\AI\SAND Project\Detecting_Dysarthia\testing_data\test\rhythmPA\ID114_rhythmPA.wav,5,Healthy
d:\University\AI\SAND Project\Detecting_Dysarthia\testing_data\test\rhythmTA\ID114_rhythmTA.wav,5,Healthy
d:\University\AI\SAND Project\Detecting_Dysarthia\testing_data\test\phonationA\ID115_phonationA.wav,5,Healthy
d:\University\AI\SAND Project\Detecting_Dysarthia\testing_data\test\phonationE\ID115_phonationE.wav,5,Healthy
d:\University\AI\SAND Project\Detecting_Dysarthia\testing_data\test\phonationI\ID115_phonationI.wav,5,Healthy
d:\University\AI\SAND Project\Detecting_Dysarthia\testing_data\test\phonationO\ID115_phonationO.wav,5,Healthy
d:\University\AI\SAND Project\Detecting_Dysarthia\testing_data\test\phonationU\ID115_phonationU.wav,5,Healthy
d:\University\AI\SAND Project\Detecting_Dysarthia\testing_data\test\rhythmKA\ID115_rhythmKA.wav,5,Healthy
d:\University\AI\SAND Project\Detecting_Dysarthia\testing_data\test\rhythmPA\ID115_rhythmPA.wav,5,Healthy
d:\University\AI\SAND Project\Detecting_Dysarthia\testing_data\test\rhythmTA\ID115_rhythmTA.wav,5,Healthy
d:\University\AI\SAND Project\Detecting_Dysarthia\testing_data\test\phonationA\ID117_phonationA.wav,5,Healthy
d:\University\AI\SAND Project\Detecting_Dysarthia\testing_data\test\phonationE\ID117_phonationE.wav,5,Healthy
d:\University\AI\SAND Project\Detecting_Dysarthia\testing_data\test\phonationI\ID117_phonationI.wav,5,Healthy
d:\University\AI\SAND Project\Detecting_Dysarthia\testing_data\test\phonationO\ID117_phonationO.wav,5,Healthy
d:\University\AI\SAND Project\Detecting_Dysarthia\testing_data\test\phonationU\ID117_phonationU.wav,5,Healthy
d:\University\AI\SAND Project\Detecting_Dysarthia\testing_data\test\rhythmKA\ID117_rhythmKA.wav,5,Healthy
d:\University\AI\SAND Project\Detecting_Dysarthia\testing_data\test\rhythmPA\ID117_rhythmPA.wav,5,Healthy
d:\University\AI\SAND Project\Detecting_Dysarthia\testing_data\test\rhythmTA\ID117_rhythmTA.wav,5,Healthy
d:\University\AI\SAND Project\Detecting_Dysarthia\testing_data\test\phonationA\ID125_phonationA.wav,5,Healthy
d:\University\AI\SAND Project\Detecting_Dysarthia\testing_data\test\phonationE\ID125_phonationE.wav,5,Healthy
d:\University\AI\SAND Project\Detecting_Dysarthia\testing_data\test\phonationI\ID125_phonationI.wav,5,Healthy
d:\University\AI\SAND Project\Detecting_Dysarthia\testing_data\test\phonationO\ID125_phonationO.wav,5,Healthy
d:\University\AI\SAND Project\Detecting_Dysarthia\testing_data\test\phonationU\ID125_phonationU.wav,5,Healthy
d:\University\AI\SAND Project\Detecting_Dysarthia\testing_data\test\rhythmKA\ID125_rhythmKA.wav,5,Healthy
d:\University\AI\SAND Project\Detecting_Dysarthia\testing_data\test\rhythmPA\ID125_rhythmPA.wav,5,Healthy
d:\University\AI\SAND Project\Detecting_Dysarthia\testing_data\test\rhythmTA\ID125_rhythmTA.wav,5,Healthy
d:\University\AI\SAND Project\Detecting_Dysarthia\testing_data\test\phonationA\ID135_phonationA.wav,5,Healthy
d:\University\AI\SAND Project\Detecting_Dysarthia\testing_data\test\phonationE\ID135_phonationE.wav,5,Healthy
d:\University\AI\SAND Project\Detecting_Dysarthia\testing_data\test\phonationI\ID135_phonationI.wav,5,Healthy
d:\University\AI\SAND Project\Detecting_Dysarthia\testing_data\test\phonationO\ID135_phonationO.wav,5,Healthy
d:\University\AI\SAND Project\Detecting_Dysarthia\testing_data\test\phonationU\ID135_phonationU.wav,5,Healthy
d:\University\AI\SAND Project\Detecting_Dysarthia\testing_data\test\rhythmKA\ID135_rhythmKA.wav,5,Healthy
d:\University\AI\SAND Project\Detecting_Dysarthia\testing_data\test\rhythmPA\ID135_rhythmPA.wav,5,Healthy
d:\University\AI\SAND Project\Detecting_Dysarthia\testing_data\test\rhythmTA\ID135_rhythmTA.wav,5,Healthy
d:\University\AI\SAND Project\Detecting_Dysarthia\testing_data\test\phonationA\ID137_phonationA.wav,5,Healthy
d:\University\AI\SAND Project\Detecting_Dysarthia\testing_data\test\phonationE\ID137_phonationE.wav,5,Healthy
d:\University\AI\SAND Project\Detecting_Dysarthia\testing_data\test\phonationI\ID137_phonationI.wav,5,Healthy
d:\University\AI\SAND Project\Detecting_Dysarthia\testing_data\test\phonationO\ID137_phonationO.wav,5,Healthy
d:\University\AI\SAND Project\Detecting_Dysarthia\testing_data\test\phonationU\ID137_phonationU.wav,5,Healthy
d:\University\AI\SAND Project\Detecting_Dysarthia\testing_data\test\rhythmKA\ID137_rhythmKA.wav,5,Healthy
d:\University\AI\SAND Project\Detecting_Dysarthia\testing_data\test\rhythmPA\ID137_rhythmPA.wav,5,Healthy
d:\University\AI\SAND Project\Detecting_Dysarthia\testing_data\test\rhythmTA\ID137_rhythmTA.wav,5,Healthy
d:\University\AI\SAND Project\Detecting_Dysarthia\testing_data\test\phonationA\ID151_phonationA.wav,5,Healthy
d:\University\AI\SAND Project\Detecting_Dysarthia\testing_data\test\phonationE\ID151_phonationE.wav,5,Healthy
d:\University\AI\SAND Project\Detecting_Dysarthia\testing_data\test\phonationI\ID151_phonationI.wav,5,Healthy
d:\University\AI\SAND Project\Detecting_Dysarthia\testing_data\test\phonationO\ID151_phonationO.wav,5,Healthy
d:\University\AI\SAND Project\Detecting_Dysarthia\testing_data\test\phonationU\ID151_phonationU.wav,5,Healthy
d:\University\AI\SAND Project\Detecting_Dysarthia\testing_data\test\rhythmKA\ID151_rhythmKA.wav,5,Healthy
d:\University\AI\SAND Project\Detecting_Dysarthia\testing_data\test\rhythmPA\ID151_rhythmPA.wav,5,Healthy
d:\University\AI\SAND Project\Detecting_Dysarthia\testing_data\test\rhythmTA\ID151_rhythmTA.wav,5,Healthy
d:\University\AI\SAND Project\Detecting_Dysarthia\testing_data\test\phonationA\ID156_phonationA.wav,5,Healthy
d:\University\AI\SAND Project\Detecting_Dysarthia\testing_data\test\phonationE\ID156_phonationE.wav,5,Healthy
d:\University\AI\SAND Project\Detecting_Dysarthia\testing_data\test\phonationI\ID156_phonationI.wav,5,Healthy
d:\University\AI\SAND Project\Detecting_Dysarthia\testing_data\test\phonationO\ID156_phonationO.wav,5,Healthy
d:\University\AI\SAND Project\Detecting_Dysarthia\testing_data\test\phonationU\ID156_phonationU.wav,5,Healthy
d:\University\AI\SAND Project\Detecting_Dysarthia\testing_data\test\rhythmKA\ID156_rhythmKA.wav,5,Healthy
d:\University\AI\SAND Project\Detecting_Dysarthia\testing_data\test\rhythmPA\ID156_rhythmPA.wav,5,Healthy
d:\University\AI\SAND Project\Detecting_Dysarthia\testing_data\test\rhythmTA\ID156_rhythmTA.wav,5,Healthy
d:\University\AI\SAND Project\Detecting_Dysarthia\testing_data\test\phonationA\ID161_phonationA.wav,5,Healthy
d:\University\AI\SAND Project\Detecting_Dysarthia\testing_data\test\phonationE\ID161_phonationE.wav,5,Healthy
d:\University\AI\SAND Project\Detecting_Dysarthia\testing_data\test\phonationI\ID161_phonationI.wav,5,Healthy
d:\University\AI\SAND Project\Detecting_Dysarthia\testing_data\test\phonationO\ID161_phonationO.wav,5,Healthy
d:\University\AI\SAND Project\Detecting_Dysarthia\testing_data\test\phonationU\ID161_phonationU.wav,5,Healthy
d:\University\AI\SAND Project\Detecting_Dysarthia\testing_data\test\rhythmKA\ID161_rhythmKA.wav,5,Healthy
d:\University\AI\SAND Project\Detecting_Dysarthia\testing_data\test\rhythmPA\ID161_rhythmPA.wav,5,Healthy
d:\University\AI\SAND Project\Detecting_Dysarthia\testing_data\test\rhythmTA\ID161_rhythmTA.wav,5,Healthy
d:\University\AI\SAND Project\Detecting_Dysarthia\testing_data\test\phonationA\ID162_phonationA.wav,5,Healthy
d:\University\AI\SAND Project\Detecting_Dysarthia\testing_data\test\phonationE\ID162_phonationE.wav,5,Healthy
d:\University\AI\SAND Project\Detecting_Dysarthia\testing_data\test\phonationI\ID162_phonationI.wav,5,Healthy
d:\University\AI\SAND Project\Detecting_Dysarthia\testing_data\test\phonationO\ID162_phonationO.wav,5,Healthy
d:\University\AI\SAND Project\Detecting_Dysarthia\testing_data\test\phonationU\ID162_phonationU.wav,5,Healthy
d:\University\AI\SAND Project\Detecting_Dysarthia\testing_data\test\rhythmKA\ID162_rhythmKA.wav,5,Healthy
d:\University\AI\SAND Project\Detecting_Dysarthia\testing_data\test\rhythmPA\ID162_rhythmPA.wav,5,Healthy
d:\University\AI\SAND Project\Detecting_Dysarthia\testing_data\test\rhythmTA\ID162_rhythmTA.wav,5,Healthy
d:\University\AI\SAND Project\Detecting_Dysarthia\testing_data\test\phonationA\ID166_phonationA.wav,5,Healthy
d:\University\AI\SAND Project\Detecting_Dysarthia\testing_data\test\phonationE\ID166_phonationE.wav,5,Healthy
d:\University\AI\SAND Project\Detecting_Dysarthia\testing_data\test\phonationI\ID166_phonationI.wav,5,Healthy
d:\University\AI\SAND Project\Detecting_Dysarthia\testing_data\test\phonationO\ID166_phonationO.wav,5,Healthy
d:\University\AI\SAND Project\Detecting_Dysarthia\testing_data\test\phonationU\ID166_phonationU.wav,5,Healthy
d:\University\AI\SAND Project\Detecting_Dysarthia\testing_data\test\rhythmKA\ID166_rhythmKA.wav,5,Healthy
d:\University\AI\SAND Project\Detecting_Dysarthia\testing_data\test\rhythmPA\ID166_rhythmPA.wav,5,Healthy
d:\University\AI\SAND Project\Detecting_Dysarthia\testing_data\test\rhythmTA\ID166_rhythmTA.wav,5,Healthy
d:\University\AI\SAND Project\Detecting_Dysarthia\testing_data\test\phonationA\ID188_phonationA.wav,5,Healthy
d:\University\AI\SAND Project\Detecting_Dysarthia\testing_data\test\phonationE\ID188_phonationE.wav,5,Healthy
d:\University\AI\SAND Project\Detecting_Dysarthia\testing_data\test\phonationI\ID188_phonationI.wav,5,Healthy
d:\University\AI\SAND Project\Detecting_Dysarthia\testing_data\test\phonationO\ID188_phonationO.wav,5,Healthy
d:\University\AI\SAND Project\Detecting_Dysarthia\testing_data\test\phonationU\ID188_phonationU.wav,5,Healthy
d:\University\AI\SAND Project\Detecting_Dysarthia\testing_data\test\rhythmKA\ID188_rhythmKA.wav,5,Healthy
d:\University\AI\SAND Project\Detecting_Dysarthia\testing_data\test\rhythmPA\ID188_rhythmPA.wav,5,Healthy
d:\University\AI\SAND Project\Detecting_Dysarthia\testing_data\test\rhythmTA\ID188_rhythmTA.wav,5,Healthy
d:\University\AI\SAND Project\Detecting_Dysarthia\testing_data\test\phonationA\ID191_phonationA.wav,5,Healthy
d:\University\AI\SAND Project\Detecting_Dysarthia\testing_data\test\phonationE\ID191_phonationE.wav,5,Healthy
d:\University\AI\SAND Project\Detecting_Dysarthia\testing_data\test\phonationI\ID191_phonationI.wav,5,Healthy
d:\University\AI\SAND Project\Detecting_Dysarthia\testing_data\test\phonationO\ID191_phonationO.wav,5,Healthy
d:\University\AI\SAND Project\Detecting_Dysarthia\testing_data\test\phonationU\ID191_phonationU.wav,5,Healthy
d:\University\AI\SAND Project\Detecting_Dysarthia\testing_data\test\rhythmKA\ID191_rhythmKA.wav,5,Healthy
d:\University\AI\SAND Project\Detecting_Dysarthia\testing_data\test\rhythmPA\ID191_rhythmPA.wav,5,Healthy
d:\University\AI\SAND Project\Detecting_Dysarthia\testing_data\test\rhythmTA\ID191_rhythmTA.wav,5,Healthy
d:\University\AI\SAND Project\Detecting_Dysarthia\testing_data\test\phonationA\ID196_phonationA.wav,5,Healthy
d:\University\AI\SAND Project\Detecting_Dysarthia\testing_data\test\phonationE\ID196_phonationE.wav,5,Healthy
d:\University\AI\SAND Project\Detecting_Dysarthia\testing_data\test\phonationI\ID196_phonationI.wav,5,Healthy
d:\University\AI\SAND Project\Detecting_Dysarthia\testing_data\test\phonationO\ID196_phonationO.wav,5,Healthy
d:\University\AI\SAND Project\Detecting_Dysarthia\testing_data\test\phonationU\ID196_phonationU.wav,5,Healthy
d:\University\AI\SAND Project\Detecting_Dysarthia\testing_data\test\rhythmKA\ID196_rhythmKA.wav,5,Healthy
d:\University\AI\SAND Project\Detecting_Dysarthia\testing_data\test\rhythmPA\ID196_rhythmPA.wav,5,Healthy
d:\University\AI\SAND Project\Detecting_Dysarthia\testing_data\test\rhythmTA\ID196_rhythmTA.wav,5,Healthy
d:\University\AI\SAND Project\Detecting_Dysarthia\testing_data\test\phonationA\ID198_phonationA.wav,5,Healthy
d:\University\AI\SAND Project\Detecting_Dysarthia\testing_data\test\phonationE\ID198_phonationE.wav,5,Healthy
d:\University\AI\SAND Project\Detecting_Dysarthia\testing_data\test\phonationI\ID198_phonationI.wav,5,Healthy
d:\University\AI\SAND Project\Detecting_Dysarthia\testing_data\test\phonationO\ID198_phonationO.wav,5,Healthy
d:\University\AI\SAND Project\Detecting_Dysarthia\testing_data\test\phonationU\ID198_phonationU.wav,5,Healthy
d:\University\AI\SAND Project\Detecting_Dysarthia\testing_data\test\rhythmKA\ID198_rhythmKA.wav,5,Healthy
d:\University\AI\SAND Project\Detecting_Dysarthia\testing_data\test\rhythmPA\ID198_rhythmPA.wav,5,Healthy
d:\University\AI\SAND Project\Detecting_Dysarthia\testing_data\test\rhythmTA\ID198_rhythmTA.wav,5,Healthy
d:\University\AI\SAND Project\Detecting_Dysarthia\testing_data\test\phonationA\ID205_phonationA.wav,5,Healthy
d:\University\AI\SAND Project\Detecting_Dysarthia\testing_data\test\phonationE\ID205_phonationE.wav,5,Healthy
d:\University\AI\SAND Project\Detecting_Dysarthia\testing_data\test\phonationI\ID205_phonationI.wav,5,Healthy
d:\University\AI\SAND Project\Detecting_Dysarthia\testing_data\test\phonationO\ID205_phonationO.wav,5,Healthy
d:\University\AI\SAND Project\Detecting_Dysarthia\testing_data\test\phonationU\ID205_phonationU.wav,5,Healthy
d:\University\AI\SAND Project\Detecting_Dysarthia\testing_data\test\rhythmKA\ID205_rhythmKA.wav,5,Healthy
d:\University\AI\SAND Project\Detecting_Dysarthia\testing_data\test\rhythmPA\ID205_rhythmPA.wav,5,Healthy
d:\University\AI\SAND Project\Detecting_Dysarthia\testing_data\test\rhythmTA\ID205_rhythmTA.wav,5,Healthy
d:\University\AI\SAND Project\Detecting_Dysarthia\testing_data\test\phonationA\ID211_phonationA.wav,5,Healthy
d:\University\AI\SAND Project\Detecting_Dysarthia\testing_data\test\phonationE\ID211_phonationE.wav,5,Healthy
d:\University\AI\SAND Project\Detecting_Dysarthia\testing_data\test\phonationI\ID211_phonationI.wav,5,Healthy
d:\University\AI\SAND Project\Detecting_Dysarthia\testing_data\test\phonationO\ID211_phonationO.wav,5,Healthy
d:\University\AI\SAND Project\Detecting_Dysarthia\testing_data\test\phonationU\ID211_phonationU.wav,5,Healthy
d:\University\AI\SAND Project\Detecting_Dysarthia\testing_data\test\rhythmKA\ID211_rhythmKA.wav,5,Healthy
d:\University\AI\SAND Project\Detecting_Dysarthia\testing_data\test\rhythmPA\ID211_rhythmPA.wav,5,Healthy
d:\University\AI\SAND Project\Detecting_Dysarthia\testing_data\test\rhythmTA\ID211_rhythmTA.wav,5,Healthy
d:\University\AI\SAND Project\Detecting_Dysarthia\testing_data\test\phonationA\ID220_phonationA.wav,5,Healthy
d:\University\AI\SAND Project\Detecting_Dysarthia\testing_data\test\phonationE\ID220_phonationE.wav,5,Healthy
d:\University\AI\SAND Project\Detecting_Dysarthia\testing_data\test\phonationI\ID220_phonationI.wav,5,Healthy
d:\University\AI\SAND Project\Detecting_Dysarthia\testing_data\test\phonationO\ID220_phonationO.wav,5,Healthy
d:\University\AI\SAND Project\Detecting_Dysarthia\testing_data\test\phonationU\ID220_phonationU.wav,5,Healthy
d:\University\AI\SAND Project\Detecting_Dysarthia\testing_data\test\rhythmKA\ID220_rhythmKA.wav,5,Healthy
d:\University\AI\SAND Project\Detecting_Dysarthia\testing_data\test\rhythmPA\ID220_rhythmPA.wav,5,Healthy
d:\University\AI\SAND Project\Detecting_Dysarthia\testing_data\test\rhythmTA\ID220_rhythmTA.wav,5,Healthy
d:\University\AI\SAND Project\Detecting_Dysarthia\testing_data\test\phonationA\ID221_phonationA.wav,5,Healthy
d:\University\AI\SAND Project\Detecting_Dysarthia\testing_data\test\phonationE\ID221_phonationE.wav,5,Healthy
d:\University\AI\SAND Project\Detecting_Dysarthia\testing_data\test\phonationI\ID221_phonationI.wav,5,Healthy
d:\University\AI\SAND Project\Detecting_Dysarthia\testing_data\test\phonationO\ID221_phonationO.wav,5,Healthy
d:\University\AI\SAND Project\Detecting_Dysarthia\testing_data\test\phonationU\ID221_phonationU.wav,5,Healthy
d:\University\AI\SAND Project\Detecting_Dysarthia\testing_data\test\rhythmKA\ID221_rhythmKA.wav,5,Healthy
d:\University\AI\SAND Project\Detecting_Dysarthia\testing_data\test\rhythmPA\ID221_rhythmPA.wav,5,Healthy
d:\University\AI\SAND Project\Detecting_Dysarthia\testing_data\test\rhythmTA\ID221_rhythmTA.wav,5,Healthy
d:\University\AI\SAND Project\Detecting_Dysarthia\testing_data\test\phonationA\ID232_phonationA.wav,5,Healthy
d:\University\AI\SAND Project\Detecting_Dysarthia\testing_data\test\phonationE\ID232_phonationE.wav,5,Healthy
d:\University\AI\SAND Project\Detecting_Dysarthia\testing_data\test\phonationI\ID232_phonationI.wav,5,Healthy
d:\University\AI\SAND Project\Detecting_Dysarthia\testing_data\test\phonationO\ID232_phonationO.wav,5,Healthy
d:\University\AI\SAND Project\Detecting_Dysarthia\testing_data\test\phonationU\ID232_phonationU.wav,5,Healthy
d:\University\AI\SAND Project\Detecting_Dysarthia\testing_data\test\rhythmKA\ID232_rhythmKA.wav,5,Healthy
d:\University\AI\SAND Project\Detecting_Dysarthia\testing_data\test\rhythmPA\ID232_rhythmPA.wav,5,Healthy
d:\University\AI\SAND Project\Detecting_Dysarthia\testing_data\test\rhythmTA\ID232_rhythmTA.wav,5,Healthy
d:\University\AI\SAND Project\Detecting_Dysarthia\testing_data\test\phonationA\ID235_phonationA.wav,5,Healthy
d:\University\AI\SAND Project\Detecting_Dysarthia\testing_data\test\phonationE\ID235_phonationE.wav,5,Healthy
d:\University\AI\SAND Project\Detecting_Dysarthia\testing_data\test\phonationI\ID235_phonationI.wav,5,Healthy
d:\University\AI\SAND Project\Detecting_Dysarthia\testing_data\test\phonationO\ID235_phonationO.wav,5,Healthy
d:\University\AI\SAND Project\Detecting_Dysarthia\testing_data\test\phonationU\ID235_phonationU.wav,5,Healthy
d:\University\AI\SAND Project\Detecting_Dysarthia\testing_data\test\rhythmKA\ID235_rhythmKA.wav,5,Healthy
d:\University\AI\SAND Project\Detecting_Dysarthia\testing_data\test\rhythmPA\ID235_rhythmPA.wav,5,Healthy
d:\University\AI\SAND Project\Detecting_Dysarthia\testing_data\test\rhythmTA\ID235_rhythmTA.wav,5,Healthy
d:\University\AI\SAND Project\Detecting_Dysarthia\testing_data\test\phonationA\ID236_phonationA.wav,5,Healthy
d:\University\AI\SAND Project\Detecting_Dysarthia\testing_data\test\phonationE\ID236_phonationE.wav,5,Healthy
d:\University\AI\SAND Project\Detecting_Dysarthia\testing_data\test\phonationI\ID236_phonationI.wav,5,Healthy
d:\University\AI\SAND Project\Detecting_Dysarthia\testing_data\test\phonationO\ID236_phonationO.wav,5,Healthy
d:\University\AI\SAND Project\Detecting_Dysarthia\testing_data\test\phonationU\ID236_phonationU.wav,5,Healthy
d:\University\AI\SAND Project\Detecting_Dysarthia\testing_data\test\rhythmKA\ID236_rhythmKA.wav,5,Healthy
d:\University\AI\SAND Project\Detecting_Dysarthia\testing_data\test\rhythmPA\ID236_rhythmPA.wav,5,Healthy
d:\University\AI\SAND Project\Detecting_Dysarthia\testing_data\test\rhythmTA\ID236_rhythmTA.wav,5,Healthy
d:\University\AI\SAND Project\Detecting_Dysarthia\testing_data\test\phonationA\ID243_phonationA.wav,5,Healthy
d:\University\AI\SAND Project\Detecting_Dysarthia\testing_data\test\phonationE\ID243_phonationE.wav,5,Healthy
d:\University\AI\SAND Project\Detecting_Dysarthia\testing_data\test\phonationI\ID243_phonationI.wav,5,Healthy
d:\University\AI\SAND Project\Detecting_Dysarthia\testing_data\test\phonationO\ID243_phonationO.wav,5,Healthy
d:\University\AI\SAND Project\Detecting_Dysarthia\testing_data\test\phonationU\ID243_phonationU.wav,5,Healthy
d:\University\AI\SAND Project\Detecting_Dysarthia\testing_data\test\rhythmKA\ID243_rhythmKA.wav,5,Healthy
d:\University\AI\SAND Project\Detecting_Dysarthia\testing_data\test\rhythmPA\ID243_rhythmPA.wav,5,Healthy
d:\University\AI\SAND Project\Detecting_Dysarthia\testing_data\test\rhythmTA\ID243_rhythmTA.wav,5,Healthy
d:\University\AI\SAND Project\Detecting_Dysarthia\testing_data\test\phonationA\ID244_phonationA.wav,5,Healthy
d:\University\AI\SAND Project\Detecting_Dysarthia\testing_data\test\phonationE\ID244_phonationE.wav,5,Healthy
d:\University\AI\SAND Project\Detecting_Dysarthia\testing_data\test\phonationI\ID244_phonationI.wav,5,Healthy
d:\University\AI\SAND Project\Detecting_Dysarthia\testing_data\test\phonationO\ID244_phonationO.wav,5,Healthy
d:\University\AI\SAND Project\Detecting_Dysarthia\testing_data\test\phonationU\ID244_phonationU.wav,5,Healthy
d:\University\AI\SAND Project\Detecting_Dysarthia\testing_data\test\rhythmKA\ID244_rhythmKA.wav,5,Healthy
d:\University\AI\SAND Project\Detecting_Dysarthia\testing_data\test\rhythmPA\ID244_rhythmPA.wav,5,Healthy
d:\University\AI\SAND Project\Detecting_Dysarthia\testing_data\test\rhythmTA\ID244_rhythmTA.wav,5,Healthy
d:\University\AI\SAND Project\Detecting_Dysarthia\testing_data\test\phonationA\ID256_phonationA.wav,5,Healthy
d:\University\AI\SAND Project\Detecting_Dysarthia\testing_data\test\phonationE\ID256_phonationE.wav,5,Healthy
d:\University\AI\SAND Project\Detecting_Dysarthia\testing_data\test\phonationI\ID256_phonationI.wav,5,Healthy
d:\University\AI\SAND Project\Detecting_Dysarthia\testing_data\test\phonationO\ID256_phonationO.wav,5,Healthy
d:\University\AI\SAND Project\Detecting_Dysarthia\testing_data\test\phonationU\ID256_phonationU.wav,5,Healthy
d:\University\AI\SAND Project\Detecting_Dysarthia\testing_data\test\rhythmKA\ID256_rhythmKA.wav,5,Healthy
d:\University\AI\SAND Project\Detecting_Dysarthia\testing_data\test\rhythmPA\ID256_rhythmPA.wav,5,Healthy
d:\University\AI\SAND Project\Detecting_Dysarthia\testing_data\test\rhythmTA\ID256_rhythmTA.wav,5,Healthy
d:\University\AI\SAND Project\Detecting_Dysarthia\testing_data\test\phonationA\ID257_phonationA.wav,5,Healthy
d:\University\AI\SAND Project\Detecting_Dysarthia\testing_data\test\phonationE\ID257_phonationE.wav,5,Healthy
d:\University\AI\SAND Project\Detecting_Dysarthia\testing_data\test\phonationI\ID257_phonationI.wav,5,Healthy
d:\University\AI\SAND Project\Detecting_Dysarthia\testing_data\test\phonationO\ID257_phonationO.wav,5,Healthy
d:\University\AI\SAND Project\Detecting_Dysarthia\testing_data\test\phonationU\ID257_phonationU.wav,5,Healthy
d:\University\AI\SAND Project\Detecting_Dysarthia\testing_data\test\rhythmKA\ID257_rhythmKA.wav,5,Healthy
d:\University\AI\SAND Project\Detecting_Dysarthia\testing_data\test\rhythmPA\ID257_rhythmPA.wav,5,Healthy
d:\University\AI\SAND Project\Detecting_Dysarthia\testing_data\test\rhythmTA\ID257_rhythmTA.wav,5,Healthy
d:\University\AI\SAND Project\Detecting_Dysarthia\testing_data\test\phonationA\ID271_phonationA.wav,5,Healthy
d:\University\AI\SAND Project\Detecting_Dysarthia\testing_data\test\phonationE\ID271_phonationE.wav,5,Healthy
d:\University\AI\SAND Project\Detecting_Dysarthia\testing_data\test\phonationI\ID271_phonationI.wav,5,Healthy
d:\University\AI\SAND Project\Detecting_Dysarthia\testing_data\test\phonationO\ID271_phonationO.wav,5,Healthy
d:\University\AI\SAND Project\Detecting_Dysarthia\testing_data\test\phonationU\ID271_phonationU.wav,5,Healthy
d:\University\AI\SAND Project\Detecting_Dysarthia\testing_data\test\rhythmKA\ID271_rhythmKA.wav,5,Healthy
d:\University\AI\SAND Project\Detecting_Dysarthia\testing_data\test\rhythmPA\ID271_rhythmPA.wav,5,Healthy
d:\University\AI\SAND Project\Detecting_Dysarthia\testing_data\test\rhythmTA\ID271_rhythmTA.wav,5,Healthy
d:\University\AI\SAND Project\Detecting_Dysarthia\testing_data\test\phonationA\ID272_phonationA.wav,5,Healthy
d:\University\AI\SAND Project\Detecting_Dysarthia\testing_data\test\phonationE\ID272_phonationE.wav,5,Healthy
d:\University\AI\SAND Project\Detecting_Dysarthia\testing_data\test\phonationI\ID272_phonationI.wav,5,Healthy
d:\University\AI\SAND Project\Detecting_Dysarthia\testing_data\test\phonationO\ID272_phonationO.wav,5,Healthy
d:\University\AI\SAND Project\Detecting_Dysarthia\testing_data\test\phonationU\ID272_phonationU.wav,5,Healthy
d:\University\AI\SAND Project\Detecting_Dysarthia\testing_data\test\rhythmKA\ID272_rhythmKA.wav,5,Healthy
d:\University\AI\SAND Project\Detecting_Dysarthia\testing_data\test\rhythmPA\ID272_rhythmPA.wav,5,Healthy
d:\University\AI\SAND Project\Detecting_Dysarthia\testing_data\test\rhythmTA\ID272_rhythmTA.wav,5,Healthy
d:\University\AI\SAND Project\Detecting_Dysarthia\testing_data\test\phonationA\ID279_phonationA.wav,5,Healthy
d:\University\AI\SAND Project\Detecting_Dysarthia\testing_data\test\phonationE\ID279_phonationE.wav,5,Healthy
d:\University\AI\SAND Project\Detecting_Dysarthia\testing_data\test\phonationI\ID279_phonationI.wav,5,Healthy
d:\University\AI\SAND Project\Detecting_Dysarthia\testing_data\test\phonationO\ID279_phonationO.wav,5,Healthy
d:\University\AI\SAND Project\Detecting_Dysarthia\testing_data\test\phonationU\ID279_phonationU.wav,5,Healthy
d:\University\AI\SAND Project\Detecting_Dysarthia\testing_data\test\rhythmKA\ID279_rhythmKA.wav,5,Healthy
d:\University\AI\SAND Project\Detecting_Dysarthia\testing_data\test\rhythmPA\ID279_rhythmPA.wav,5,Healthy
d:\University\AI\SAND Project\Detecting_Dysarthia\testing_data\test\rhythmTA\ID279_rhythmTA.wav,5,Healthy
d:\University\AI\SAND Project\Detecting_Dysarthia\testing_data\test\phonationA\ID285_phonationA.wav,5,Healthy
d:\University\AI\SAND Project\Detecting_Dysarthia\testing_data\test\phonationE\ID285_phonationE.wav,5,Healthy
d:\University\AI\SAND Project\Detecting_Dysarthia\testing_data\test\phonationI\ID285_phonationI.wav,5,Healthy
d:\University\AI\SAND Project\Detecting_Dysarthia\testing_data\test\phonationO\ID285_phonationO.wav,5,Healthy
d:\University\AI\SAND Project\Detecting_Dysarthia\testing_data\test\phonationU\ID285_phonationU.wav,5,Healthy
d:\University\AI\SAND Project\Detecting_Dysarthia\testing_data\test\rhythmKA\ID285_rhythmKA.wav,5,Healthy
d:\University\AI\SAND Project\Detecting_Dysarthia\testing_data\test\rhythmPA\ID285_rhythmPA.wav,5,Healthy
d:\University\AI\SAND Project\Detecting_Dysarthia\testing_data\test\rhythmTA\ID285_rhythmTA.wav,5,Healthy
d:\University\AI\SAND Project\Detecting_Dysarthia\testing_data\test\phonationA\ID292_phonationA.wav,5,Healthy
d:\University\AI\SAND Project\Detecting_Dysarthia\testing_data\test\phonationE\ID292_phonationE.wav,5,Healthy
d:\University\AI\SAND Project\Detecting_Dysarthia\testing_data\test\phonationI\ID292_phonationI.wav,5,Healthy
d:\University\AI\SAND Project\Detecting_Dysarthia\testing_data\test\phonationO\ID292_phonationO.wav,5,Healthy
d:\University\AI\SAND Project\Detecting_Dysarthia\testing_data\test\phonationU\ID292_phonationU.wav,5,Healthy
d:\University\AI\SAND Project\Detecting_Dysarthia\testing_data\test\rhythmKA\ID292_rhythmKA.wav,5,Healthy
d:\University\AI\SAND Project\Detecting_Dysarthia\testing_data\test\rhythmPA\ID292_rhythmPA.wav,5,Healthy
d:\University\AI\SAND Project\Detecting_Dysarthia\testing_data\test\rhythmTA\ID292_rhythmTA.wav,5,Healthy
d:\University\AI\SAND Project\Detecting_Dysarthia\testing_data\test\phonationA\ID297_phonationA.wav,5,Healthy
d:\University\AI\SAND Project\Detecting_Dysarthia\testing_data\test\phonationE\ID297_phonationE.wav,5,Healthy
d:\University\AI\SAND Project\Detecting_Dysarthia\testing_data\test\phonationI\ID297_phonationI.wav,5,Healthy
d:\University\AI\SAND Project\Detecting_Dysarthia\testing_data\test\phonationO\ID297_phonationO.wav,5,Healthy
d:\University\AI\SAND Project\Detecting_Dysarthia\testing_data\test\phonationU\ID297_phonationU.wav,5,Healthy
d:\University\AI\SAND Project\Detecting_Dysarthia\testing_data\test\rhythmKA\ID297_rhythmKA.wav,5,Healthy
d:\University\AI\SAND Project\Detecting_Dysarthia\testing_data\test\rhythmPA\ID297_rhythmPA.wav,5,Healthy
d:\University\AI\SAND Project\Detecting_Dysarthia\testing_data\test\rhythmTA\ID297_rhythmTA.wav,5,Healthy
d:\University\AI\SAND Project\Detecting_Dysarthia\testing_data\test\phonationA\ID298_phonationA.wav,5,Healthy
d:\University\AI\SAND Project\Detecting_Dysarthia\testing_data\test\phonationE\ID298_phonationE.wav,5,Healthy
d:\University\AI\SAND Project\Detecting_Dysarthia\testing_data\test\phonationI\ID298_phonationI.wav,5,Healthy
d:\University\AI\SAND Project\Detecting_Dysarthia\testing_data\test\phonationO\ID298_phonationO.wav,5,Healthy
d:\University\AI\SAND Project\Detecting_Dysarthia\testing_data\test\phonationU\ID298_phonationU.wav,5,Healthy
d:\University\AI\SAND Project\Detecting_Dysarthia\testing_data\test\rhythmKA\ID298_rhythmKA.wav,5,Healthy
d:\University\AI\SAND Project\Detecting_Dysarthia\testing_data\test\rhythmPA\ID298_rhythmPA.wav,5,Healthy
d:\University\AI\SAND Project\Detecting_Dysarthia\testing_data\test\rhythmTA\ID298_rhythmTA.wav,5,Healthy
d:\University\AI\SAND Project\Detecting_Dysarthia\testing_data\test\phonationA\ID304_phonationA.wav,5,Healthy
d:\University\AI\SAND Project\Detecting_Dysarthia\testing_data\test\phonationE\ID304_phonationE.wav,5,Healthy
d:\University\AI\SAND Project\Detecting_Dysarthia\testing_data\test\phonationI\ID304_phonationI.wav,5,Healthy
d:\University\AI\SAND Project\Detecting_Dysarthia\testing_data\test\phonationO\ID304_phonationO.wav,5,Healthy
d:\University\AI\SAND Project\Detecting_Dysarthia\testing_data\test\phonationU\ID304_phonationU.wav,5,Healthy
d:\University\AI\SAND Project\Detecting_Dysarthia\testing_data\test\rhythmKA\ID304_rhythmKA.wav,5,Healthy
d:\University\AI\SAND Project\Detecting_Dysarthia\testing_data\test\rhythmPA\ID304_rhythmPA.wav,5,Healthy
d:\University\AI\SAND Project\Detecting_Dysarthia\testing_data\test\rhythmTA\ID304_rhythmTA.wav,5,Healthy
d:\University\AI\SAND Project\Detecting_Dysarthia\testing_data\test\phonationA\ID305_phonationA.wav,5,Healthy
d:\University\AI\SAND Project\Detecting_Dysarthia\testing_data\test\phonationE\ID305_phonationE.wav,5,Healthy
d:\University\AI\SAND Project\Detecting_Dysarthia\testing_data\test\phonationI\ID305_phonationI.wav,5,Healthy
d:\University\AI\SAND Project\Detecting_Dysarthia\testing_data\test\phonationO\ID305_phonationO.wav,5,Healthy
d:\University\AI\SAND Project\Detecting_Dysarthia\testing_data\test\phonationU\ID305_phonationU.wav,5,Healthy
d:\University\AI\SAND Project\Detecting_Dysarthia\testing_data\test\rhythmKA\ID305_rhythmKA.wav,5,Healthy
d:\University\AI\SAND Project\Detecting_Dysarthia\testing_data\test\rhythmPA\ID305_rhythmPA.wav,5,Healthy
d:\University\AI\SAND Project\Detecting_Dysarthia\testing_data\test\rhythmTA\ID305_rhythmTA.wav,5,Healthy
d:\University\AI\SAND Project\Detecting_Dysarthia\testing_data\test\phonationA\ID307_phonationA.wav,5,Healthy
d:\University\AI\SAND Project\Detecting_Dysarthia\testing_data\test\phonationE\ID307_phonationE.wav,5,Healthy
d:\University\AI\SAND Project\Detecting_Dysarthia\testing_data\test\phonationI\ID307_phonationI.wav,5,Healthy
d:\University\AI\SAND Project\Detecting_Dysarthia\testing_data\test\phonationO\ID307_phonationO.wav,5,Healthy
d:\University\AI\SAND Project\Detecting_Dysarthia\testing_data\test\phonationU\ID307_phonationU.wav,5,Healthy
d:\University\AI\SAND Project\Detecting_Dysarthia\testing_data\test\rhythmKA\ID307_rhythmKA.wav,5,Healthy
d:\University\AI\SAND Project\Detecting_Dysarthia\testing_data\test\rhythmPA\ID307_rhythmPA.wav,5,Healthy
d:\University\AI\SAND Project\Detecting_Dysarthia\testing_data\test\rhythmTA\ID307_rhythmTA.wav,5,Healthy
d:\University\AI\SAND Project\Detecting_Dysarthia\testing_data\test\phonationA\ID309_phonationA.wav,5,Healthy
d:\University\AI\SAND Project\Detecting_Dysarthia\testing_data\test\phonationE\ID309_phonationE.wav,5,Healthy
d:\University\AI\SAND Project\Detecting_Dysarthia\testing_data\test\phonationI\ID309_phonationI.wav,5,Healthy
d:\University\AI\SAND Project\Detecting_Dysarthia\testing_data\test\phonationO\ID309_phonationO.wav,5,Healthy
d:\University\AI\SAND Project\Detecting_Dysarthia\testing_data\test\phonationU\ID309_phonationU.wav,5,Healthy
d:\University\AI\SAND Project\Detecting_Dysarthia\testing_data\test\rhythmKA\ID309_rhythmKA.wav,5,Healthy
d:\University\AI\SAND Project\Detecting_Dysarthia\testing_data\test\rhythmPA\ID309_rhythmPA.wav,5,Healthy
d:\University\AI\SAND Project\Detecting_Dysarthia\testing_data\test\rhythmTA\ID309_rhythmTA.wav,5,Healthy
d:\University\AI\SAND Project\Detecting_Dysarthia\testing_data\test\phonationA\ID310_phonationA.wav,5,Healthy
d:\University\AI\SAND Project\Detecting_Dysarthia\testing_data\test\phonationE\ID310_phonationE.wav,5,Healthy
d:\University\AI\SAND Project\Detecting_Dysarthia\testing_data\test\phonationI\ID310_phonationI.wav,5,Healthy
d:\University\AI\SAND Project\Detecting_Dysarthia\testing_data\test\phonationO\ID310_phonationO.wav,5,Healthy
d:\University\AI\SAND Project\Detecting_Dysarthia\testing_data\test\phonationU\ID310_phonationU.wav,5,Healthy
d:\University\AI\SAND Project\Detecting_Dysarthia\testing_data\test\rhythmKA\ID310_rhythmKA.wav,5,Healthy
d:\University\AI\SAND Project\Detecting_Dysarthia\testing_data\test\rhythmPA\ID310_rhythmPA.wav,5,Healthy
d:\University\AI\SAND Project\Detecting_Dysarthia\testing_data\test\rhythmTA\ID310_rhythmTA.wav,5,Healthy
d:\University\AI\SAND Project\Detecting_Dysarthia\testing_data\test\phonationA\ID321_phonationA.wav,5,Healthy
d:\University\AI\SAND Project\Detecting_Dysarthia\testing_data\test\phonationE\ID321_phonationE.wav,5,Healthy
d:\University\AI\SAND Project\Detecting_Dysarthia\testing_data\test\phonationI\ID321_phonationI.wav,5,Healthy
d:\University\AI\SAND Project\Detecting_Dysarthia\testing_data\test\phonationO\ID321_phonationO.wav,5,Healthy
d:\University\AI\SAND Project\Detecting_Dysarthia\testing_data\test\phonationU\ID321_phonationU.wav,5,Healthy
d:\University\AI\SAND Project\Detecting_Dysarthia\testing_data\test\rhythmKA\ID321_rhythmKA.wav,5,Healthy
d:\University\AI\SAND Project\Detecting_Dysarthia\testing_data\test\rhythmPA\ID321_rhythmPA.wav,5,Healthy
d:\University\AI\SAND Project\Detecting_Dysarthia\testing_data\test\rhythmTA\ID321_rhythmTA.wav,5,Healthy
d:\University\AI\SAND Project\Detecting_Dysarthia\testing_data\test\phonationA\ID325_phonationA.wav,5,Healthy
d:\University\AI\SAND Project\Detecting_Dysarthia\testing_data\test\phonationE\ID325_phonationE.wav,5,Healthy
d:\University\AI\SAND Project\Detecting_Dysarthia\testing_data\test\phonationI\ID325_phonationI.wav,5,Healthy
d:\University\AI\SAND Project\Detecting_Dysarthia\testing_data\test\phonationO\ID325_phonationO.wav,5,Healthy
d:\University\AI\SAND Project\Detecting_Dysarthia\testing_data\test\phonationU\ID325_phonationU.wav,5,Healthy
d:\University\AI\SAND Project\Detecting_Dysarthia\testing_data\test\rhythmKA\ID325_rhythmKA.wav,5,Healthy
d:\University\AI\SAND Project\Detecting_Dysarthia\testing_data\test\rhythmPA\ID325_rhythmPA.wav,5,Healthy
d:\University\AI\SAND Project\Detecting_Dysarthia\testing_data\test\rhythmTA\ID325_rhythmTA.wav,5,Healthy
d:\University\AI\SAND Project\Detecting_Dysarthia\testing_data\test\phonationA\ID327_phonationA.wav,5,Healthy
d:\University\AI\SAND Project\Detecting_Dysarthia\testing_data\test\phonationE\ID327_phonationE.wav,5,Healthy
d:\University\AI\SAND Project\Detecting_Dysarthia\testing_data\test\phonationI\ID327_phonationI.wav,5,Healthy
d:\University\AI\SAND Project\Detecting_Dysarthia\testing_data\test\phonationO\ID327_phonationO.wav,5,Healthy
d:\University\AI\SAND Project\Detecting_Dysarthia\testing_data\test\phonationU\ID327_phonationU.wav,5,Healthy
d:\University\AI\SAND Project\Detecting_Dysarthia\testing_data\test\rhythmKA\ID327_rhythmKA.wav,5,Healthy
d:\University\AI\SAND Project\Detecting_Dysarthia\testing_data\test\rhythmPA\ID327_rhythmPA.wav,5,Healthy
d:\University\AI\SAND Project\Detecting_Dysarthia\testing_data\test\rhythmTA\ID327_rhythmTA.wav,5,Healthy
d:\University\AI\SAND Project\Detecting_Dysarthia\testing_data\test\phonationA\ID334_phonationA.wav,5,Healthy
d:\University\AI\SAND Project\Detecting_Dysarthia\testing_data\test\phonationE\ID334_phonationE.wav,5,Healthy
d:\University\AI\SAND Project\Detecting_Dysarthia\testing_data\test\phonationI\ID334_phonationI.wav,5,Healthy
d:\University\AI\SAND Project\Detecting_Dysarthia\testing_data\test\phonationO\ID334_phonationO.wav,5,Healthy
d:\University\AI\SAND Project\Detecting_Dysarthia\testing_data\test\phonationU\ID334_phonationU.wav,5,Healthy
d:\University\AI\SAND Project\Detecting_Dysarthia\testing_data\test\rhythmKA\ID334_rhythmKA.wav,5,Healthy
d:\University\AI\SAND Project\Detecting_Dysarthia\testing_data\test\rhythmPA\ID334_rhythmPA.wav,5,Healthy
d:\University\AI\SAND Project\Detecting_Dysarthia\testing_data\test\rhythmTA\ID334_rhythmTA.wav,5,Healthy
